customer_id,segment_id
7590-VHVEG,0
5575-GNVDE,3
3668-QPYBK,2
7795-CFOCW,2
9237-HQITU,0
9305-CDSKC,2
1452-KIOVK,3
6713-OKOMC,0
7892-POOKP,0
6388-TABGU,2
9763-GRSKD,0
7469-LKBCI,0
8091-TTVAX,1
0280-XJGEX,0
5129-JLPIS,2
3655-SNQYZ,3
8191-XWSZG,0
9959-WOFKT,3
4190-MFLUW,0
4183-MYFRB,1
8779-QRDMV,0
1680-VDCWW,0
1066-JKSGK,0
3638-WEABW,0
6322-HRPFA,3
6865-JZNKO,2
6467-CHFZW,2
8665-UTDHZ,0
5248-YGIJN,3
8773-HHUOZ,0
3841-NFECX,1
4929-XIHVW,3
6827-IEAUQ,0
7310-EGVHZ,0
3413-BMNZE,3
6234-RAAPL,3
6047-YHPVI,0
6572-ADKRS,3
5380-WJKOV,3
8168-UQWWF,0
8865-TNMNX,0
9489-DEDVP,0
9867-JCZSP,0
4671-VJLCL,2
4080-IIARD,2
3714-NTNFO,2
5948-UJZLF,3
7760-OYPDY,0
7639-LIAYI,3
2954-PIBKO,3
8012-SOUDQ,1
9420-LOJKX,2
6575-SUVOI,3
7495-OOKFY,0
4667-QONEA,3
1658-BYGOY,2
8769-KKTPH,3
5067-XJQFU,2
3957-SQXML,0
5954-BDFSG,2
0434-CSFON,3
1215-FIGMP,3
0526-SXDJP,0
0557-ASKVU,0
5698-BQJOH,2
5122-CYFXA,3
8627-ZYGSZ,0
3410-YOQBQ,3
3170-NMYVV,0
7410-OIEDU,2
2273-QCKXA,2
0731-EBJQB,0
1891-QRQSA,3
8028-PNXHQ,0
5630-AHZIL,2
2673-CXQEU,2
6416-JNVRK,2
5590-ZSKRV,0
0191-ZHSKZ,2
3887-PBQAO,0
5919-TMRGD,2
8108-UXRQN,2
9191-MYQKX,0
9919-YLNNG,1
0318-ZOPWS,0
4445-ZJNMU,3
4808-YNLEU,2
1862-QRWPE,0
2796-NNUFI,0
3016-KSVCP,0
4767-HZZHQ,1
2424-WVHPL,3
7233-PAHHL,2
6067-NGCEU,3
9848-JQJTX,3
8637-XJIVR,0
9803-FTJCG,0
0278-YXOOG,0
3212-KXOCR,0
4598-XLKNJ,0
6380-ARCEH,0
3679-XASPY,0
7123-WQUHX,2
5386-THSLQ,2
3192-NQECA,2
6180-YBIQI,0
6728-DKUCO,1
9750-BOOHV,0
8597-CWYHH,3
2848-YXSMW,2
0486-HECZI,3
4549-ZDQYY,2
5712-AHQNN,3
4846-WHAFZ,0
5256-SKJGO,2
3071-VBYPO,2
9560-BBZXK,0
5299-RULOA,0
8402-OOOHJ,0
9445-ZUEQE,2
1091-SOZGA,2
2928-HLDBA,0
0404-SWRVG,0
6497-TILVL,3
7219-TLZHO,2
4622-YNKIJ,3
4412-YLTKF,0
6734-PSBAW,0
3930-ZGWVE,0
2639-UGMAZ,2
2876-GZYZC,2
6207-WIOLX,0
8587-XYZSF,2
3091-FYHKI,0
2372-HWUHI,0
7799-LGRDP,0
7850-VWJUU,3
3774-VBNXY,0
6217-KDYWC,0
0390-DCFDQ,2
3146-MSEGF,3
4080-OGPJL,0
1095-WGNGG,1
2636-SJDOU,2
1131-QQZEB,2
5716-EZXZN,0
6837-BJYDQ,0
2135-RXIHG,0
6440-DKQGE,3
3466-BYAVD,2
3780-YVMFA,3
3874-EQOEP,0
1679-JRFBR,3
9073-ZZIAY,3
3077-RSNTJ,0
6551-GNYDG,3
9167-APMXZ,2
2749-CTKAJ,0
6371-NZYEG,3
7554-NEWDD,0
8992-VONJD,2
0867-MKZVY,0
4482-EWFMI,3
4648-YPBTM,1
2907-ILJBN,0
6345-FZOQH,0
3376-BMGFE,3
5997-OPVFA,1
3445-HXXGF,0
1159-WFSGR,0
7654-YWJUF,1
1875-QIVME,2
6727-IOTLZ,3
0691-JVSYA,0
5918-VUKWP,0
1744-JHKYS,0
2656-FMOKZ,2
2070-FNEXE,0
5947-SGKCL,1
3712-PKXZA,0
6317-YPKDH,0
6582-OIVSP,0
9367-WXLCH,3
5524-KHNJP,2
1918-ZBFQJ,0
1024-GUALD,0
4827-USJHP,0
8167-GJLRN,0
0956-SYCWG,0
8017-UVSZU,2
7100-FQPRV,0
2472-OVKUP,0
2984-RGEYA,0
9680-NIAUV,1
2146-EGVDT,0
2604-IJPDU,3
9178-JHUVJ,0
6168-YBYNP,3
7255-SSFBC,2
3645-DEYGF,0
9323-HGFWY,2
8544-GOQSH,1
3363-DTIVD,2
7018-WBJNK,1
9142-KZXOP,2
7674-YTAFD,2
6348-SNFUS,2
1285-OKIPP,0
7825-ECJRF,0
1347-KTTTA,0
7841-TZDMQ,0
4195-NZGTA,0
7157-SMCFK,0
4709-LKHYG,0
2504-DSHIH,3
0699-NDKJM,2
9286-BHDQG,2
0230-WEQUW,3
2040-LDIWQ,2
6496-JDSSB,1
9408-SSNVZ,2
4443-EMBNA,2
6469-MRVET,0
0742-MOABM,0
5961-VUSRV,2
6778-JFCMK,2
6341-JVQGF,2
2232-DMLXU,0
4811-JBUVU,1
0945-TSONX,3
2651-ZCBXV,2
3316-UWXUY,3
8937-RDTHP,0
7083-MIOPC,0
1984-GPTEH,0
1251-KRREG,0
0621-JFHOL,2
9903-LYSAB,2
0094-OIFMO,2
9227-UAQFT,0
7301-ABVAD,3
6614-FHDBO,1
7576-ASEJU,3
9058-HRZSV,3
4522-AKYLR,2
0221-WMXNQ,2
0303-UNCIP,2
9947-OTFQU,2
0322-YINQP,0
0959-WHOKV,3
4075-JFPGR,3
4629-NRXKX,2
9514-JDSKI,0
3282-ZISZV,2
3675-YDUPJ,0
4111-BNXIF,2
7017-VFHAY,1
6655-LHBYW,3
4959-JOSRX,0
5046-NUHWD,2
7273-TEFQD,0
3606-TWKGI,2
7529-ZDFXI,2
7605-BDWDC,2
1950-KSVVJ,1
0123-CRBRT,3
6292-TOSSS,2
3197-ARFOY,1
6323-AYBRX,0
7014-ZZXAW,0
4385-GZQXV,2
7633-MVPUY,3
6366-ZGQGL,0
4716-HHKQH,1
5940-AHUHD,0
6432-TWQLB,2
4484-GLZOU,2
3179-GBRWV,0
8645-KWHJO,3
4130-MZLCC,0
0314-TKOSI,3
8229-MYEJZ,2
2080-SRCDE,2
9577-WJVCQ,3
9512-UIBFX,2
6202-DYYFX,2
3808-HFKDE,3
5583-SXDAG,0
3488-PGMQJ,3
3580-REOAC,2
7534-BFESC,0
3727-OWVYD,3
2294-SALNE,0
4847-TAJYI,3
1563-IWQEX,0
8203-XJZRC,0
6556-DBKZF,1
6851-WEFYX,1
2985-JUUBZ,3
6390-DSAZX,0
0895-LMRSF,0
8098-LLAZX,3
8266-VBFQL,2
8181-YHCMF,2
2240-HSJQD,2
1248-DYXUB,0
0265-EDXBD,0
4115-BNPJY,3
3167-SNQPL,3
4091-TVOCN,3
1098-TDVUQ,0
7277-OZCGZ,2
1557-EMYVT,2
2799-ARNLO,2
7563-BIUPC,0
5027-YOCXN,1
3973-SKMLN,0
2321-OMBXY,0
2840-XANRC,2
6745-JEFZB,1
5020-ZSTTY,2
9880-TDQAC,2
8705-WZCYL,0
7102-JJVTX,1
8626-PTQGE,3
4983-CLMLV,3
5701-YVSVF,2
5804-LEPIM,0
5697-GOMBF,2
2739-CACDQ,3
9385-EHGDO,0
9498-FIMXL,0
2379-GYFLQ,1
0122-OAHPZ,0
2868-SNELZ,2
4322-RCYMT,0
6680-NENYN,0
2088-IEBAU,3
7982-VCELR,3
1343-EHPYB,3
6035-BXTTY,2
6885-PKOAM,3
7520-HQWJU,0
9639-BUJXT,0
5924-SNGKP,0
0021-IKXGC,2
2034-GDRCN,2
8966-SNIZF,0
6243-OZGFH,2
4654-DLAMQ,3
0513-RBGPE,2
5160-UXJED,0
4115-NZRKS,1
0219-YTZUE,2
0623-IIHUG,0
4572-DVCGN,0
3351-NGXYI,2
8984-EYLLL,0
9057-MSWCO,0
9833-TGFHX,3
9294-TDIPC,0
5229-DTFYB,1
0104-PPXDV,2
5176-LMJXE,0
3583-KRKMD,2
1010-DIAUQ,0
9069-LGEUL,0
7302-ZHMHP,0
9571-EDEBV,3
3520-FJGCV,3
6563-VRERX,0
0259-GBZSH,0
6122-EFVKN,0
2805-EDJPQ,3
6862-CQUMB,1
7156-MXBJE,2
6158-HDPXZ,0
9601-BRXPO,0
2863-IMQDR,2
5686-CMAWK,1
5651-CRHKQ,3
6905-NIQIN,0
8204-YJCLA,3
5167-ZFFMM,0
6583-SZVGP,2
4895-TMWIR,0
0533-BNWKF,2
1708-PBBOA,0
8782-LKFPK,2
5522-JBWMO,2
3597-MVHJT,2
9774-NRNAU,2
0224-RLWWD,2
9967-ATRFS,0
3951-NJCVI,1
2977-CEBSX,3
0177-PXBAT,3
6599-CEBNN,0
2519-ERQOJ,0
5876-QMYLD,0
2277-AXSDC,0
9442-JTWDL,0
0979-PHULV,0
3067-SVMTC,0
5495-GPSRW,0
7606-BPHHN,0
4742-DRORA,1
0111-KLBQG,1
4800-VHZKI,0
7989-CHGTL,0
0334-GDDSO,0
4163-NCJAK,0
5233-AOZUF,3
5973-EJGDP,3
1996-DBMUS,0
7916-VCCPB,2
4686-GEFRM,3
5249-QYHEX,0
0578-SKVMF,0
5564-NEMQO,0
2233-FAGXV,0
5605-IYGFG,3
7663-ZTEGJ,1
3935-TBRZZ,2
8111-BKVDS,2
2055-SIFSS,2
2806-MLNTI,2
8734-DKSTZ,3
4360-PNRQB,3
6152-ONASV,2
9063-ZGTUY,0
7781-HVGMK,2
2181-UAESM,2
2957-LOLHO,2
6048-NJXHX,0
2320-SLKMB,2
4980-URKXC,0
4376-KFVRS,1
5886-VLQVU,3
3577-AMVUX,3
0771-WLCLA,2
5628-RKIFK,3
0206-TBWLC,1
2937-FTHUR,2
1910-FMXJM,2
7752-XUSCI,3
4110-PFEUZ,0
0732-OCQOC,2
5168-MSWXT,3
1090-ESELR,2
8592-PLTMQ,0
5760-WRAHC,2
8847-GEOOQ,2
0256-LTHVJ,2
4785-FCIFB,2
8313-NDOIA,1
5149-CUZUJ,0
0942-KOWSM,2
4237-CLSMM,0
1452-VOQCH,3
4719-UMSIY,0
6614-VBEGU,3
0880-TKATG,2
3811-VBYBZ,0
1480-BKXGA,1
2996-XAUVF,2
9076-AXYIK,3
5968-XQIVE,3
8896-RAZCR,0
4640-UHDOS,0
4933-IKULF,0
3583-EKAPL,0
1304-BCCFO,2
4104-PVRPS,0
9399-APLBT,2
2359-KMGLI,2
3780-DDGSE,0
4431-EDMIQ,2
0306-JAELE,2
6227-HWPWX,0
0486-LGCCH,0
0447-BEMNG,2
4612-SSVHJ,2
5168-MQQCA,2
5949-XIKAE,0
7971-HLVXI,2
9094-AZPHK,2
3649-JPUGY,3
4472-LVYGI,2
8372-JUXUI,0
3552-CTCYF,2
6778-YSNIH,0
0388-EOPEX,0
5756-OZRIO,2
6579-JPICP,0
8205-OTCHB,0
4134-BSXLX,2
0505-SPOOW,0
6235-VDHOM,0
7783-YKGDV,2
4374-YMUSQ,0
4513-CXYIX,3
3957-HHLMR,2
7803-XOCCZ,2
5736-YEJAX,3
5609-CEBID,2
8981-FJGLA,0
7218-HKQFK,0
4636-QRJKY,0
1135-LMECX,0
4332-MUOEZ,2
8535-SFUTN,1
5956-VKDTT,0
8677-HDZEE,3
2475-MROZF,0
9412-GHEEC,2
3482-ABPKK,2
6705-LXORM,2
0257-ZESQC,0
7531-GQHME,0
5174-ITUMV,3
4109-CYRBD,2
0913-XWSCN,3
6825-UYPFK,0
8397-MVTAZ,0
0750-EBAIU,1
8606-CIQUL,3
3571-DPYUH,3
7601-GNDYK,2
0356-OBMAC,1
8067-NIOYM,0
1403-GYAFU,0
4234-XTNEA,3
1297-VQDRP,3
9282-IZGQK,2
5348-CAGXB,1
0621-HJWXJ,0
5844-QVTAT,2
8905-IAZPF,2
5394-MEITZ,3
6859-QNXIQ,1
2782-LFZVW,2
2866-IKBTM,2
1342-JPNKI,0
2817-NTQDO,0
7129-AZJDE,0
6986-IJDHX,2
2560-PPCHE,1
4676-MQUEA,2
8138-EALND,0
3580-HYCSP,3
1352-HNSAW,1
2075-PUEPR,0
1982-FEBTD,0
5301-GAUUY,0
5791-KAJFD,2
2654-VBVPB,0
1154-HYWWO,3
2501-XWWTZ,2
3716-UVSPD,2
6815-ABQFQ,3
7343-EOBEU,2
3701-SFMUH,3
6103-LIANB,2
7319-VENRZ,2
5846-NEQVZ,0
6967-QIQRV,3
5781-RFZRP,1
0939-YAPAF,3
0308-IVGOK,0
7293-LSCDV,0
7025-WCBNE,2
5756-JYOJT,0
4710-FDUIZ,0
6030-REHUX,1
9548-LIGTA,3
5150-LJNSR,2
8270-RKSAP,2
6522-YRBXD,3
2640-LYMOV,0
1218-VKFPE,0
3627-FHKBK,0
2865-TCHJW,2
1423-BMPBQ,0
2393-DIVAI,0
5192-EBGOV,0
4568-KNYWR,2
8752-IMQOS,0
0742-LAFQK,3
0795-LAFGP,3
0619-OLYUR,3
5512-IDZEI,0
0459-SPZHJ,2
0215-BQKGS,3
9244-ZVAPM,2
0719-SYFRB,2
8208-EUMTE,2
5172-MIGPM,0
1710-RCXUS,1
0374-FIUCA,0
5839-SUYVZ,0
5173-ZXXXL,0
1096-ADRUX,3
2001-MCUUW,1
2731-GJRDG,0
4723-BEGSG,2
6516-NKQBO,3
8672-OAUPW,0
8207-DMRVL,2
3419-SNJJD,2
6543-CPZMK,0
4765-OXPPD,0
2804-ETQDK,0
6689-VRRTK,3
7138-GIRSH,2
9396-ZSFLL,0
6464-KEXXH,2
7134-MJPDY,2
5240-CAOYT,2
4059-IIEBK,2
4881-JVQOD,0
0516-UXRMT,0
4851-BQDNX,2
5148-HKFIR,0
1009-IRMNA,0
3003-CMDUU,2
5016-IBERQ,3
6797-UCJHZ,3
2469-DTSGX,2
4554-YGZIH,0
5099-BAILX,3
9931-KGHOA,2
1775-KWJKQ,2
7665-VIGUD,0
9411-TPQQV,2
7207-RMRDB,2
7954-MLBUN,3
2077-DDHJK,3
4913-EHYUI,0
0195-IESCP,0
9574-BOSMD,0
4580-TMHJU,0
0970-ETWGE,0
4908-XAXAY,1
8404-VLQFB,0
1626-ERCMM,2
0887-HJGAR,0
2391-IPLOP,3
5644-PDMZC,0
3509-GWQGF,0
9576-ANLXO,2
2024-BASKD,2
5845-BZZIB,0
1140-UKVZG,2
4160-AMJTL,0
5183-SNMJQ,2
8100-PNJMH,0
7838-LAZFO,3
4464-JCOLN,0
2085-JVGAD,2
5650-VDUDS,0
8095-WANWK,0
3030-ZKIWL,2
9565-FLVCG,1
8755-OGKNA,0
2800-VEQXM,3
7538-GWHML,2
5533-RJFTJ,0
3859-CVCET,0
0214-JHPFW,3
5642-MHDQT,2
3088-FVYWK,0
3276-HDUEG,0
9092-GDZKO,0
0823-HSCDJ,0
3729-OWRVL,1
2324-AALNO,0
0822-GAVAP,0
5760-IFJOZ,1
2826-UWHIS,0
1448-PWKYE,2
7501-IWUNG,0
4957-TREIR,2
7251-LJBQN,3
8040-MNRTF,2
1536-HBSWP,2
5313-FPXWG,0
0067-DKWBL,2
0946-FKYTX,2
5076-YVXCM,1
8262-COGGB,0
6663-JOCQO,2
9620-QJREV,0
2276-YDAVZ,0
2682-KEVRP,0
2480-JZOSN,0
0078-XZMHT,3
5896-NPFWW,0
9978-HYCIN,3
8338-QIUNR,3
1525-LNLOJ,2
9450-TRJUU,0
1766-GKNMI,0
6942-LBFDP,0
1456-TWCGB,0
7133-VBDCG,0
7596-ZYWBB,3
8329-UTMVM,1
3014-WJKSM,3
3347-YJZZE,2
1029-QFBEN,0
7929-DMBCV,2
9661-JALZV,0
5433-KYGHE,3
4312-KFRXN,0
5575-TPIZQ,3
0114-IGABW,3
9944-AEXBM,3
1853-ARAAQ,2
6952-OMNWB,1
4697-LUPSU,0
8434-VGEQQ,0
4952-YSOGZ,2
1589-AGTLK,0
5244-IRFIH,0
6549-YMFAW,0
4950-HKQTE,2
6786-OBWQR,1
2684-EIWEO,2
2753-JMMCV,3
6439-GTPCA,0
6621-YOBKI,0
1216-JWVUX,3
7564-GHCVB,1
1173-NOEYG,3
7595-EHCDL,2
6647-ZEDXT,1
2521-NPUZR,3
1307-TVUFB,3
7503-MIOGA,1
4381-MHQDC,2
6923-JHPMP,3
5138-WVKYJ,0
4018-PPNDW,0
1635-FJFCC,0
2499-AJYUA,0
6919-ELBGL,3
3966-HRMZA,3
6425-JWTDV,0
8405-IGQFX,3
8224-IVVPA,2
9477-LGWQI,2
1410-RSCMR,3
3115-CZMZD,0
0139-IVFJG,1
6683-VLCTZ,2
5730-DBDSI,0
0030-FNXPP,0
2189-WWOEW,2
5684-FJVYR,3
4013-GUXND,0
1894-IGFSG,0
7379-POKDZ,2
1266-NZYUI,3
7969-FFOWG,0
4718-DHSMV,0
5175-WLYXL,2
7817-OMJNA,0
8728-SKJLR,3
3137-NYQQI,2
7706-DZNKK,0
0236-HFWSV,0
3900-AQPHZ,0
5842-POCOP,0
2037-XJFUP,2
8823-RLPWL,1
9505-SQFSW,0
7314-OXENN,0
3758-CKOQL,1
0322-CHQRU,0
5676-CFLYY,2
7521-AFHAB,2
0285-INHLN,0
4678-DVQEO,0
5125-CNDSP,2
0691-IFBQW,0
4992-LTJNE,2
2202-OUTMO,0
0810-BDHAW,2
0229-LFJAF,0
7131-ZQZNK,3
3442-ZHHCC,2
5726-CVNYA,2
9871-ELEYA,1
4257-GAESD,2
5173-WXOQV,2
2040-OBMLJ,2
6286-ZHAOK,0
3807-XHCJH,0
3009-JWMPU,2
5671-RQRLP,3
1450-GALXR,3
8859-AXJZP,2
3174-AKMAS,2
3138-BKYAV,0
9926-PJHDQ,3
7382-DFJTU,3
2798-NYLMZ,1
4289-DTDKW,2
1820-TQVEV,0
2239-JALAW,0
4853-RULSV,2
8098-TDCBU,0
3551-GAEGL,0
4785-NKHCX,0
3196-NVXLZ,1
6275-YDUVO,0
0036-IHMOT,1
0115-TFERT,0
4178-EGMON,1
4220-TINQT,1
5318-YKDPV,1
7975-TZMLR,1
0295-QVKPB,3
4335-BSMJS,0
2311-QYMUQ,0
3643-AHCFP,0
9146-JRIOX,0
3104-OWCGK,2
5337-IIWKZ,0
9101-BWFSS,2
9650-VBUOG,2
3487-EARAT,2
2672-TGEFF,2
9231-ZJYAM,3
4250-WAROZ,2
8184-WMOFI,2
6982-SSHFK,0
6092-QZVPP,2
4625-LAMOB,0
0727-BMPLR,0
0392-BZIUW,0
1038-ZAGBI,0
6549-NNDYT,0
3027-ZTDHO,2
0422-OHQHQ,0
6916-HIJSE,3
2316-ESMLS,2
9778-OGKQZ,0
7408-OFWXJ,3
6007-TCTST,3
2252-NKNSI,3
8713-IGZSO,2
7905-TVXTA,0
7695-PKLCZ,0
2382-BCKQJ,2
8374-UULRV,1
2207-NHRJK,0
3224-DFQNQ,1
5275-PMFUT,0
4795-UXVCJ,0
9777-IQHWP,1
0947-MUGVO,2
9944-HKVVB,0
4124-MMETB,2
3671-SHRSP,0
0979-MOZQI,2
2732-ISEZX,0
3313-QKNKB,2
0323-XWWTN,0
1937-OTUKY,0
1573-LGXBA,3
1764-VUUMT,0
5073-WXOYN,2
4713-ZBURT,2
3050-GBUSH,2
0207-MDKNV,2
7876-AEHIG,2
7945-HLKEA,2
9342-VNIMQ,3
9851-KIELU,2
3523-BRGUW,0
3908-BLSYF,0
3199-NPKCN,2
5170-PTRKA,2
4661-NJEUX,0
2123-AGEEN,3
1258-YMZNM,3
0048-LUMLS,3
7549-MYGPK,2
5898-IGSLP,3
3804-RVTGV,0
6259-WJQLC,3
9227-LUNBG,0
7997-EASSD,3
0730-KOAVE,2
8975-SKGRX,2
0678-RLHVP,1
4315-MURBD,0
2267-FPIMA,3
1051-GEJLJ,2
9734-YWGEX,0
2719-BDAQO,2
5285-MVEHD,3
0379-DJQHR,3
0781-LKXBR,2
5543-QDCRY,0
0297-RBCSG,2
4694-PHWFW,0
0835-JKADZ,3
1907-UBQFC,0
7508-SMHXL,3
3865-YIOTT,3
5993-BQHEA,0
6024-RUGGH,0
6513-EECDB,0
3956-CJUST,3
4079-WWQQQ,2
6103-BOCOU,2
5149-TGWDZ,1
7471-WNSUF,0
8942-DBMHZ,0
4301-VVZKA,3
9199-PWQVC,2
4824-GUCBY,3
5393-HJZSM,3
7074-IEVOJ,2
9625-QSTYE,0
0862-PRCBS,1
8812-ZRHFP,2
5146-CBVOE,2
0454-OKRCT,0
5787-KXGIY,0
4750-ZRXIU,0
4198-VFOEA,0
6630-UJZMY,3
5709-LVOEQ,2
6400-BWQKW,3
2692-AQCPF,3
0347-UBKUZ,0
0835-DUUIQ,0
0811-GSDTP,2
7567-ECMCM,2
6115-ZTBFQ,2
6353-BRMMA,2
6680-WKXRZ,0
6231-WFGFH,0
9904-EHEVJ,1
7028-DVOIQ,3
6169-PPETC,0
4208-UFFGW,0
8584-KMVXD,1
8467-WYNSR,0
0851-DFJKB,2
5382-SOYZL,1
9448-REEVD,0
3261-CQXOL,0
8388-FYNPZ,1
4002-BQWPQ,2
5651-YLPRD,3
2826-DXLQO,2
4378-BZYFP,0
9489-UTFKA,2
4849-PYRLQ,1
9117-SHLZX,0
9889-TMAHG,2
4541-RMRLG,0
7764-BDPEE,0
3429-IFLEM,2
3158-MOERK,0
7294-TMAOP,0
5002-GCQFH,1
0556-FJEGU,3
8919-FYFQZ,0
0604-THJFP,0
2834-JRTUA,0
5875-YPQFJ,0
5879-SESNB,2
6646-QVXLR,2
6461-PPAXN,2
3318-ISQFQ,0
1106-HRLKZ,0
2483-XSSMZ,0
8603-IJWDN,0
8165-ZJRNM,0
9369-XFEHK,0
2604-XVDAM,2
3717-OFRTN,0
9046-JBFWA,0
3280-NMUVX,0
1206-EHBDD,3
8361-LBRDI,0
4883-KCPZJ,0
9108-EQPNQ,2
7277-KAMWT,0
3842-IYKUE,2
6641-XRPSU,0
1374-DMZUI,0
2545-LXYVJ,0
3234-VKACU,2
8357-EQXFO,0
1989-PRJHP,0
8120-JDCAM,3
8917-FAEMR,0
7047-YXDMZ,0
2858-EIMXH,1
9524-EGPJC,3
6993-OHLXR,2
8818-XYFCQ,2
6419-ZTTLE,0
0929-HYQEW,3
6614-YOLAC,3
7426-RHZGU,3
4065-JJAVA,2
4695-VADHF,0
3863-IUBJR,0
7649-SIJJF,1
9361-YNQWJ,0
3748-FVMZZ,2
9391-TTOYH,0
1452-XRSJV,2
3422-WJOYD,0
8242-SOQUO,3
7460-ITWWP,2
7147-AYBAA,2
7868-TMWMZ,3
4822-RVYBB,0
6732-FZUGP,2
8436-BJUMM,0
4184-TJFAN,2
8329-GWVPJ,3
1352-VHKAJ,3
4145-UQXUQ,0
2632-TACXW,0
8146-QQKZH,2
1767-CJKBA,0
6445-TNRXS,2
4581-LNWUM,0
4869-EPIUS,3
9948-YPTDG,3
1236-WFCDV,2
1915-OAKWD,0
7296-PIXQY,0
4883-QICIH,0
3354-OADJP,2
3524-WQDSG,3
0810-DHDBD,2
4026-SKKHW,2
2829-HYVZP,0
8329-IBCTI,0
1271-SJBGZ,0
3845-JHAMY,2
7013-PSXHK,2
5669-SRAIP,0
5981-ITEMU,2
3486-NPGST,0
6941-PMGEP,2
1624-WOIWJ,2
2074-GKOWZ,0
0376-YMCJC,0
6100-FJZDG,0
4829-ZLJTK,1
1730-VFMWO,3
7143-BQIBA,3
3800-LYTRK,3
0634-SZPQA,0
9646-NMHXE,0
7030-NJVDP,2
5536-RTPWK,0
8883-GRDWQ,0
6166-ILMNY,2
3097-NNSPB,0
7771-ZONAT,2
0655-RBDUG,0
2111-DWYHN,0
4194-WHFCB,3
4121-AGSIN,0
4361-BKAXE,0
9845-PEEKO,2
0455-XFASS,2
0301-KOBTQ,0
1751-NCDLI,3
4367-NUYAO,0
9878-TNQGW,2
9170-ARBTB,0
4441-NIHPT,0
8999-BOHSE,2
7241-AJHFS,3
7029-RPUAV,0
4546-FOKWR,3
9036-CSKBW,3
5832-TRLPB,0
8590-YFFQO,0
8659-IOOPU,3
1338-CECEE,3
7439-DKZTW,2
4646-QZXTF,3
4607-CHPCA,0
9742-XOKTS,2
6921-OZMFH,2
9578-FOMUK,0
4712-UYOOI,2
8824-RWFXJ,0
7722-CVFXN,0
8717-VCTXJ,0
7363-QTBIW,0
4159-NAAIX,3
0971-QIFJK,0
9397-TZSHA,0
3391-JSQEW,3
0343-QLUZP,0
9763-PDTKK,0
2176-LVPNX,2
7627-JKIAZ,0
3312-UUMZW,3
1271-UODNO,2
8461-EFQYM,0
6900-RBKER,2
6891-JPYFF,3
1459-QNFQT,2
1047-NNCBF,3
3696-XRIEN,2
4081-DYXAV,0
0074-HDKDG,2
8791-GFXLZ,2
8111-SLLHI,0
0927-LCSMG,0
9330-DHBFL,3
0098-BOWSO,0
3452-ABWRL,0
5859-HZYLF,0
8257-RZAHR,0
5293-WXJAK,2
3156-QLHBO,0
2208-NQBCT,1
1779-PWPMG,1
6621-NRZAK,0
0831-JNISG,0
0774-IFUVM,2
3082-WQRVY,0
9553-DLCLU,3
1641-BYBTK,0
2460-NGXBJ,3
2446-ZKVAF,2
0841-NULXI,0
3522-CDKHF,1
1430-SFQSA,2
0411-EZJZE,3
7851-WZEKY,2
8844-TONUD,0
8807-ARQET,2
8992-CEUEN,0
4320-QMLLA,2
8777-PVYGU,3
8292-ITGYJ,0
6870-ZWMNX,1
0621-CXBKL,0
5268-DSMNQ,1
5334-JLAXU,2
4086-YQSNZ,0
6242-MBHPK,2
5868-CZJDR,0
9359-UGBTK,3
0135-NMXAP,0
4782-OSFXZ,2
6479-OAUSD,0
7129-ACFOG,2
4189-NAKJS,0
5562-BETPV,2
1282-IHQAC,2
9127-FHJBZ,3
6270-OMFIW,0
1641-RQDAY,3
0107-WESLM,0
6994-ORCWG,2
1346-UFHAX,2
3992-YWPKO,2
2933-XEUJM,2
0125-LZQXK,0
5461-QKNTN,1
4835-YSJMR,2
8399-YNDCH,0
3164-YAXFY,0
0887-WBJVH,3
4660-IRIBM,1
5673-FSSMF,0
7670-ZBPOQ,3
8089-UZWLX,1
0080-OROZO,1
3916-NRPAP,2
6807-SIWJI,3
8221-HVAYI,2
1579-KLYDT,0
5232-NXPAY,2
8967-SZQAS,0
4468-KAZHE,2
0455-ENTCR,1
8944-AILEF,0
5542-NKVRU,0
7126-RBHSD,2
5370-IIVVL,3
6789-HJBWG,2
3927-NLNRY,0
9087-EYCPR,0
6791-YBNAK,0
6358-LYNGM,2
6077-BDPXA,3
0013-MHZWF,3
5494-HECPR,0
8268-YDIXR,3
9824-BEMCV,0
1373-ORVIZ,0
4291-SHSBH,2
6980-IMXXE,0
9866-QEVEE,3
9897-KXHCM,0
0040-HALCW,0
0784-GTUUK,2
7979-CORPM,0
2294-DMMUS,2
0872-JCPIB,2
3055-MJDSB,0
9091-WTUUY,2
1618-CFHME,0
3165-HDOEW,0
6581-NQCBA,2
7115-IRDHS,0
8496-DMZUK,3
2040-VZIKE,3
9068-VPWQQ,2
0178-SZBHO,3
0384-RVBPI,3
1689-MRZQR,0
1299-AURJA,0
4525-VZCZG,3
1543-LLLFT,2
5835-BEQEU,0
2788-CJQAQ,0
5565-FILXA,3
0319-QZTCO,0
2120-SMPEX,0
0096-FCPUF,0
0668-OGMHD,0
5552-ZNFSJ,2
2223-KAGMX,0
6507-ZJSUR,3
9408-HRXRK,1
5593-SUAOO,3
7321-PKUYW,3
2833-SLKDQ,0
6766-HFKLA,3
7595-EUIVN,2
7617-EYGLW,0
2026-TGDHM,0
9220-ZNKJI,3
4030-VPZBD,0
2226-ICFDO,1
0723-VSOBE,0
5529-GIBVH,0
4187-CINZD,2
9992-UJOEL,0
4741-WWJQZ,1
6625-UTXEW,2
6818-WOBHJ,3
6244-BESBM,3
1004-NOZNR,1
1251-STYSZ,3
2612-PHGOX,3
2408-TZMJL,2
8480-PPONV,1
8780-IHCRN,0
4598-ZADCK,2
1257-SXUXQ,0
9681-KYGYB,2
7182-OVLBJ,3
5095-ETBRJ,2
7005-CYUIL,3
4821-WQOYN,0
4730-AWNAU,2
3452-FLHYD,0
2388-LAESQ,2
9531-NSBMR,0
6260-ONULR,2
4389-UEFCZ,1
8711-LOBKY,0
9134-CEQMF,2
8985-OOPOS,1
8800-ZKRFW,2
2616-FLVQC,0
9968-FFVVH,3
3108-PCCGG,3
7993-PYKOF,0
8390-FESFV,2
3022-BEXHZ,1
5027-XWQHA,0
6248-TKCQV,0
6729-GDNGC,1
6198-ZFIOJ,3
5989-OMNJE,3
4566-QVRRW,0
1291-CUOCY,2
9795-SHUHB,2
3230-IUALN,1
0042-RLHYP,0
8519-IMDHU,0
4945-RVMTE,2
0201-OAMXR,2
1866-NXPSP,3
3372-KWFBM,0
7831-QGOXH,0
6393-WRYZE,0
3941-XTSKM,2
1661-CZBAU,3
6599-RCLCJ,0
9831-BPFRI,2
5158-RIVOP,0
9788-YTFGE,0
9277-JOOMO,0
1907-YLNYW,3
1725-MIMXW,0
8947-YRTDV,3
3161-ONRWK,0
0114-RSRRW,0
4565-NLZBV,2
0031-PVLZI,0
7206-GZCDC,0
6682-VCIXC,2
4791-QRGMF,2
6475-VHUIZ,2
3910-MRQOY,0
0661-WCQNQ,3
7537-RBWEA,0
4656-CAURT,0
0121-SNYRK,2
1768-ZAIFU,0
4671-LXRDQ,0
3733-LSYCE,3
6265-FRMTQ,0
1934-SJVJK,0
3838-OZURD,0
1371-DWPAZ,0
9269-CQOOL,0
2017-CCBLH,0
7690-KPNCU,3
0536-BGFMZ,0
2293-IJWPS,2
2845-HSJCY,2
5469-NUJUR,0
1184-PJVDB,0
2625-TRCZQ,2
4102-HLENU,2
7266-GSSJX,0
7722-VJRQD,2
7073-QETQY,2
9415-DPEWS,0
5624-RYAMH,0
0196-JTUQI,2
7130-YXBRO,3
9272-LSVYH,3
7943-RQCHR,0
3793-MMFUH,0
3249-ZPQRG,0
2568-BRGYX,2
3084-DOWLE,0
1084-MNSMJ,2
7721-JXEAW,0
7249-WBIYX,0
4238-HFHSN,2
6250-CGGUN,3
5478-JJVZK,3
7596-IIWYC,0
6567-HOOPW,0
9793-WECQC,2
4291-HPAXL,0
8999-YPYBV,3
1839-FBNFR,0
3164-AALRN,0
3071-MVJCD,2
1697-BCSHV,3
0562-KBDVM,3
1131-SUEKT,3
3717-OEAUQ,2
4538-WNTMJ,0
3334-CTHOL,0
4704-ERYFC,2
9432-RUVSL,3
8060-HIWJJ,1
7684-XSZIY,0
9089-UOWJG,2
8621-MNIHH,0
8039-ACLPL,1
9885-AIBVB,2
1934-MKPXS,0
2592-YKDIF,0
2272-JKMSI,2
0471-LVHGK,0
9518-RWHZL,0
8714-CTZJW,1
3569-EDBPQ,0
3131-NWVFJ,0
7521-YXVZY,0
5419-CONWX,2
6240-EURKS,0
2373-NTKOD,3
1970-KKFWL,0
6960-HVYXR,2
9337-SRRNI,0
0895-UADGO,0
5678-VFNEQ,3
5977-CKHON,2
7024-OHCCK,2
2692-BUCFV,3
7861-UVUFT,2
1830-GGFNM,3
5302-BDJNT,3
5223-UZAVK,0
4859-ZSRDZ,2
5651-WYIPH,0
9350-VLHMB,0
3498-LZGQZ,0
8785-CJSHH,3
5357-TZHPP,0
3870-SPZSI,1
0680-DFNNY,2
7560-QRBXH,0
7077-XJMET,3
8752-GHJFU,2
6896-SRVYQ,1
7767-UXAGJ,2
4652-ODEVH,2
6510-UPNKS,0
6718-BDGHG,3
9046-DQMTP,0
6439-LAJXL,2
1571-SAVHK,1
9052-VKDUW,3
9546-CQJSU,0
1666-JZPZT,0
5777-KJIRB,2
0506-LVNGN,0
7677-SJJJK,0
2480-EJWYP,2
3253-HKOKL,3
7055-HNEOJ,2
5514-YQENT,1
3211-AAPKX,3
8445-DNBAE,0
2951-QOQTK,0
2958-NHPPS,0
6806-YDEUL,0
1735-XMJVH,0
6890-PFRQX,2
0222-CNVPT,2
5899-OUVKV,3
8681-ICONS,0
1621-YNCJH,1
3473-XIIIT,2
6362-QHAFM,3
7893-IXHRQ,0
3070-BDOQC,3
2952-QAYZF,0
6234-PFPXL,3
9824-QCJPK,0
4763-PGDPO,0
4283-IVYCI,3
1866-OBPNR,3
8205-MQUGY,2
8970-ANWXO,2
9480-BQJEI,1
5394-SVGJV,0
6979-TNDEU,0
9777-WJJPR,1
9283-LZQOH,2
7079-QRCBC,2
9495-SKLKD,3
6048-UWKAL,2
5067-DGXLL,0
5469-CTCWN,2
9851-QXEEQ,2
6281-FKEWS,2
8898-KASCD,2
9242-TKFSV,0
9290-SHCMB,1
0743-HNPFG,3
2277-BKJKN,2
9809-IMGCQ,0
5208-HFSBT,2
5035-PGZXH,1
8695-WDYEA,0
6543-JXSOO,2
8016-ZMGMO,2
8605-ITULD,0
3254-YRILK,2
6416-YJTTB,2
2667-WYLWJ,0
4472-VESGY,1
3195-TQDZX,0
3128-YOVTD,2
0529-ONKER,0
1728-CXQBE,0
7041-TXQJH,0
5014-GSOUQ,0
5724-BIDBU,2
0481-SUMCB,3
1769-GRUIK,3
5240-IJOQT,0
8819-WFGGJ,2
7427-AUFPY,0
2811-POVEX,3
1092-GANHU,0
7898-PDWQE,0
9972-EWRJS,0
9314-IJWSQ,2
0661-XEYAN,0
5799-JRCZO,0
1921-KYSAY,2
6198-RTPMF,2
2924-KHUVI,2
1925-GMVBW,0
7881-EVUAD,0
6184-DYUOB,0
9207-ZPANB,3
5766-XQXMQ,0
9327-QSDED,0
1656-DRSMG,2
3012-VFFMN,0
2984-AFWNC,3
0640-YJTPY,0
8096-LOIST,2
9764-REAFF,0
3703-VAVCL,2
7107-UBYKY,2
4881-GQJTW,0
8519-QJGJD,2
7876-DNYAP,0
7905-NJMXS,2
2882-WDTBA,3
2091-GPPIQ,3
6326-MTTXK,0
5071-FBJFS,2
2796-UUZZO,3
2429-AYKKO,0
9798-OPFEM,0
0330-IVZHA,2
3794-NFNCH,2
5193-QLVZB,3
7114-AEOZE,0
2886-KEFUM,2
5522-NYKPB,1
4237-RLAQD,0
9957-YODKZ,2
6518-KZXCB,0
2245-ADZFJ,3
7776-QGYJC,2
9313-QOLTZ,0
9651-GTSAQ,2
3186-BAXNB,2
4672-FOTSD,3
0637-YLETY,2
9818-XQCUV,0
7338-ERIVA,2
1157-BQCUW,0
8259-NFJTV,0
3223-DWFIO,0
2660-EMUBI,0
6968-GMKPR,1
4751-ERMAN,2
1436-ZMJAN,3
3292-PBZEJ,3
0799-DDIHE,0
3070-FNFZQ,0
2812-SFXMJ,0
7675-OZCZG,0
5014-WUQMG,3
5312-TSZVC,0
2003-CKLOR,2
0993-OSGPT,2
9254-RBFON,2
1205-WNWPJ,0
9391-EOYLI,0
7108-DGVUU,3
2782-JEEBU,0
5127-BZENZ,2
2720-FVBQP,2
9906-NHHVC,3
4522-XRWWI,3
3766-EJLFL,1
5939-SXWHM,0
8152-UOBNY,3
7351-KYHQH,2
7643-RCHXS,0
8246-SHFGA,0
8387-MOJJT,0
0620-XEFWH,0
6485-QXWWE,0
2761-OCIAX,0
7321-VGNKU,0
5327-CNLUQ,3
7552-KEYGT,0
5816-JMLGY,3
3068-OMWZA,2
2927-QRRQV,1
6032-KRXXO,2
7459-RRWQZ,0
6265-SXWBU,3
7941-RCJOW,0
6374-NTQLP,1
4154-AQUGT,2
2387-KDZQY,0
3584-WKTTW,1
3399-BMLVW,0
1971-DTCZB,2
3092-IGHWF,0
3374-PZLXD,0
3813-DHBBB,2
2812-REYAT,0
6518-PPLMZ,0
4939-KYYPY,2
8017-LXHFA,0
5930-GBIWP,2
6022-KOUQO,0
6352-TWCAU,0
2361-UPSND,0
6035-RIIOM,1
2929-QNSRW,0
1262-OPMFY,2
9504-DSHWM,2
5035-BVCXS,3
6267-DCFFZ,2
3533-UVMOM,0
2439-LYPMQ,3
4248-QPAVC,2
1899-VXWXM,0
1478-VPOAD,2
9995-HOTOH,3
2988-PLAHS,3
1371-OJCEK,2
4999-IEZLT,2
8883-ANODQ,3
4690-LLKUA,0
2351-RRBUE,0
5980-BDHPY,2
1498-DQNRX,0
9469-WEJBT,1
3331-HQDTW,2
9490-DFPMD,0
2581-VKIRT,2
5442-XSDCW,2
7426-WEIJX,0
2851-MMUTZ,2
3049-NDXFL,2
8580-AECUZ,0
3307-TLCUD,0
6625-FLENO,0
2967-MXRAV,0
7963-GQRMY,2
8189-HBVRW,3
4163-KIUHY,0
1228-FZFRV,2
3500-NSDOA,2
1171-TYKUR,0
3761-FLYZI,1
2058-DCJBE,0
5364-XYIRR,0
4829-AUOAX,0
1219-NNDDO,1
8388-DMKAE,0
4403-BWPAY,0
9659-QEQSY,3
5405-ZMYXQ,3
5047-LHVLY,0
1442-OKRJE,3
4737-AQCPU,0
9158-VCTQB,0
2808-CHTDM,0
6311-UEUME,0
0793-TWELN,3
3283-WCWXT,2
1060-ENTOF,2
0999-QXNSA,2
5451-MHQOF,0
4836-WNFNO,0
9225-BZLNZ,1
0354-VXMJC,0
4422-QVIJA,0
9365-SRSZE,3
6839-ITVZJ,0
8332-OSJDW,0
4735-BJKOU,0
0274-JKUJR,2
5740-YHGTW,1
8917-SZTTJ,0
1696-MZVAU,0
7359-WWYJV,1
0375-HVGXO,0
4906-ZHGPK,2
8593-WHYHV,3
3795-GWTRD,1
1298-PHBTI,3
6223-DHJGV,0
6961-MJKBO,2
6097-EQISJ,0
4423-YLHDV,2
8158-WPEZG,0
0107-YHINA,2
4918-FYJNT,3
0727-BNRLG,2
4854-CIDCF,0
8640-SDGKB,0
3280-MRDOF,2
6435-SRWBJ,3
9964-WBQDJ,0
6303-KFWSL,0
1702-CCFNJ,3
8932-CZHRQ,2
0386-CWRGM,0
5515-RUGKN,3
0404-AHASP,0
7279-NMVJC,0
2081-VEYEH,1
6407-UTSLV,1
4116-TZAQJ,2
9060-HJJRW,2
2587-YNLES,0
7398-SKNQZ,2
5935-FCCNB,2
1958-RNRKS,0
5136-RGMZO,2
8345-MVDYC,1
8226-BXGES,2
3877-JRJIP,0
8375-DKEBR,2
9705-IOVQQ,1
1015-OWJKI,0
7511-YMXVQ,0
2040-XBAVJ,3
7551-JOHTI,0
8887-IPQNC,0
8646-JCOMS,3
9804-ICWBG,0
1222-KJNZD,0
0106-GHRQR,3
5318-IXUZF,0
3768-VHXQO,0
8952-WCVCD,2
2418-TPEUN,0
3963-RYFNS,3
3198-VELRD,2
8540-ZQGEA,0
1320-REHCS,0
4137-JOPHL,3
9436-ZBZCT,0
7801-CEDNV,2
2057-BOYKM,2
3658-QQJYD,2
1803-BGNBD,2
0134-XWXCE,3
6950-TWMYB,2
5848-FHRFC,0
2243-FNMMI,0
2511-MORQY,2
5356-KZCKT,0
9470-XCCEM,2
6519-CFDBX,0
3902-MIVLE,3
0409-WTMPL,3
8763-KIAFH,0
3669-WHAFY,3
3055-VTCGS,0
3144-KMTWZ,2
7279-BUYWN,2
7156-MHUGY,2
7198-GLXTC,2
2007-QVGAW,0
5207-PLSTK,2
2307-FYNNL,3
5605-XNWEN,0
2155-AMQRX,2
6181-AXXYF,0
5091-HFAZW,1
0516-VRYBW,0
2519-LBNQL,2
8623-ULFNQ,3
8380-PEFPE,0
5687-DKDTV,0
1568-LJSZU,1
7530-HDYDS,3
7789-HKSBS,1
7416-CKTEP,0
2586-CWXVV,0
3096-IZETN,0
2348-KCJLT,2
8401-EMUWF,0
4193-IBKSW,0
5377-NDTOU,1
5922-ABDVO,0
2474-LCNUE,2
0839-QNXME,0
3506-OVLKD,0
9172-ANCRX,0
6650-VJONK,2
2178-PMGCJ,3
7492-TAFJD,2
2773-MADBQ,0
6016-LVTJQ,0
7860-KSUGX,3
8966-KZXXA,0
6910-HADCM,0
4816-LXZYW,0
9606-PBKBQ,0
5149-QYTTU,2
2070-XYMFH,2
2085-BOJKI,3
0817-HSUSE,2
5442-PPTJY,0
1927-QEWMY,0
1663-MHLHE,0
5663-QBGIS,1
4450-MDZFX,1
6701-DHKWQ,2
7554-AKDQF,2
3536-IQCTX,0
4911-BANWH,0
8496-EJAUI,0
0794-YVSGE,0
5423-BHIXO,3
6908-VVYHM,1
2959-EEXWB,2
1839-UMACK,2
3030-YDNRM,3
7321-KKSDU,0
3402-XRIUO,0
3132-TVFDZ,0
8286-AFUYI,2
8080-DDEMJ,0
8356-WUAOJ,2
6365-MTGZX,2
1349-WXNGG,0
8058-DMYRU,1
9350-ZXYJC,0
6990-YNRIO,2
8958-JPTRR,0
6959-GQEGV,1
3173-WSSUE,0
1265-HVPZB,2
4115-UMJFQ,0
7369-TRPFD,0
1098-KFQEC,0
7190-XHTWJ,0
0621-TWIEM,0
3537-RYBHH,3
2485-ITVKB,0
3669-OYSJI,2
1612-EOHDH,0
6702-OHFWR,0
5296-BFCYD,0
4510-PYUSH,0
9359-JANWS,0
7517-SAWMO,0
4143-HHPMK,0
3279-DYZQM,0
7054-LGEQW,0
0523-VNGTF,3
9575-IWCAZ,2
7105-MXJLL,2
7064-FRRSW,2
7940-UQQUG,3
0923-PNFUB,2
3961-SXAXY,2
7010-BRBUU,0
3566-HJGPK,0
3062-ICYZQ,2
9938-PRCVK,0
0973-KYVNF,3
5129-HHMZC,3
9637-CDTKZ,2
3946-JEWRQ,3
7873-CVMAW,2
0463-WZZKO,0
3494-JCHRQ,2
6474-FVJLC,0
4524-QCSSM,0
5832-EXGTT,3
8840-DQLGN,2
2039-JONDJ,3
7217-JYHOQ,3
6695-FRVEC,3
4547-LYTDD,0
9894-QMIMJ,2
8069-YQQAJ,0
6770-XUAGN,0
4193-ORFCL,2
1636-NTNCO,2
3466-WAESX,2
9281-PKKZE,0
3638-VBZTA,2
7459-IMVYU,2
7776-QWNFX,0
6689-TCZHQ,2
8563-OYMQY,3
0754-EEBDC,0
5777-ZPQNC,0
1951-IEYXM,1
3318-NMQXL,3
3143-ILDAL,2
1022-RKXDR,0
2361-FJWNO,2
2272-UOINI,3
8232-UTFOZ,0
3750-YHRYO,0
6637-KYRCV,2
5668-MEISB,1
0129-QMPDR,0
7188-CBBBA,3
5356-CSVSQ,3
3221-CJMSG,3
4720-VSTSI,2
3219-JQRSL,0
2801-NISEI,2
3946-MHCZW,0
4623-ZKHLY,0
6732-VAILE,1
8201-AAXCB,2
7696-CFTAT,0
1845-CSBRZ,3
2123-VSCOT,3
6651-AZVTJ,0
4566-GOLUK,0
2484-DGXPZ,0
2018-QKYGT,2
2792-VPPET,0
7409-JURKQ,1
3247-MHJKM,0
1964-SVLEA,0
4587-NUKOX,2
7297-DVYGA,0
2239-CGBUZ,3
0854-UYHZD,0
7243-LCGGZ,0
8267-KFGYD,0
4890-VMUAV,2
9261-WDCAF,2
3764-MNMOI,0
7442-YGZFK,2
0420-BWTPW,0
8229-BUJHX,0
7449-HVPIV,1
5504-WSIUR,1
8183-ONMXC,2
8466-PZBLH,1
9614-RMGHA,2
8735-IJJEG,2
0564-MUUQK,1
5054-IEXZT,2
5834-ASPWA,0
0701-RFGFI,2
0019-EFAEP,3
5619-PTMIK,2
3737-XBQDD,3
5882-CMAZQ,0
5846-QFDFI,2
4445-KWOKW,2
3511-APPBJ,2
7967-HYCDE,3
2430-RRYUW,2
3948-XHGNA,0
3723-BFBGR,3
0565-IYCGT,0
5447-WZAFP,3
5110-CHOPY,2
5445-UTODQ,3
4425-OWHWB,0
7892-QVYKW,3
9675-ICXCT,2
1024-VRZHF,0
4703-MQYKT,0
9497-QCMMS,0
5692-ICXLW,3
0602-DDUML,2
2208-MPXIO,0
1960-UYCNN,3
0348-SDKOL,0
3190-FZATL,0
7336-RLLRH,2
4373-MAVJG,2
8901-HJXTF,0
7710-JSYOA,1
5419-KLXBN,2
3424-NMNBO,3
9885-MFVSU,2
4514-GFCFI,0
0607-MVMGC,3
3365-SAIGS,2
9828-AOQLM,0
8022-BECSI,0
8000-REIQB,0
9993-LHIEB,0
0266-CLZKZ,1
7615-ESMYF,0
3858-VOBET,0
7020-OZKXZ,2
3977-QCRSL,0
0017-DINOC,2
1447-PJGGA,2
8565-CLBZW,0
9139-WQQDY,0
0224-HJAPT,0
8086-OVPWV,0
9430-FRQOC,2
7639-OPLNG,2
3074-GQWYX,2
1492-QGCLU,3
6845-RGTYS,0
7328-OWMOM,2
4418-LZMSV,3
5155-AZQPB,3
8861-HGGKB,0
1087-GRUYI,0
7065-YUNRY,0
7694-VLBWQ,2
2546-KZAAT,2
0181-RITDD,1
5989-PGKJB,2
4795-KTRTH,0
8272-ONJLV,3
1488-PBLJN,3
0308-GIQJT,3
3778-FOAQW,0
4452-ROHMO,0
6481-OGDOO,2
3090-LETTY,2
5349-AZPEW,0
3753-TSEMP,0
8305-VHZBZ,0
9720-JJJOR,0
8100-HZZLJ,2
8775-ERLNB,2
8309-IEYJD,3
9172-JITSM,2
6298-QDFNH,0
7398-HPYZQ,1
3546-GHEAE,0
7361-YPXFS,0
6557-BZXLQ,2
2550-QHZGP,0
7519-JTWQH,1
2538-OIMXF,2
8543-MSDMF,3
9961-JBNMK,2
1170-SASML,3
4872-JCVCA,3
5346-BZCHP,0
2038-LLMLM,1
6173-ITPWD,0
9734-UYXQI,0
1216-BGTSP,1
4138-NAXED,3
2189-UXTKY,0
0744-BIKKF,2
7483-IQWIB,0
5248-KWLAR,2
4958-GZWIY,2
7996-MHXLW,0
7833-PKIHD,1
7061-OVMIM,0
5153-RTHKF,1
1852-QSWCD,0
4832-VRBMR,3
9079-LWTFD,3
6356-ELRKD,2
8624-GIOUT,2
3392-EHMNK,2
5986-WWXDV,0
3061-BCKYI,0
6179-GJPSO,2
7901-TBKJX,1
7228-PAQPD,0
3177-LASXD,0
7746-QYVCO,3
5804-HYIEZ,3
9919-FZDED,2
5934-TSSAU,2
3486-KHMLI,0
4897-QSUYC,0
1084-UQCHV,2
8290-YWKHZ,2
2955-BJZHG,2
3806-DXQOM,0
6784-XYJAE,2
3933-DQPWX,0
6661-EIPZC,0
8957-THMOA,0
2251-PYLPB,3
5555-RNPGT,0
1057-FOGLZ,0
9300-RENDD,2
0761-AETCS,0
8087-LGYHQ,1
4137-BTIKL,3
2190-BCXEC,2
6227-FBDXH,1
2153-MREFK,2
2911-WDXMV,2
7206-PQBBZ,1
3106-ULWFW,2
0925-VYDLG,2
4547-FZJWE,2
7422-WNBTY,3
0842-IWYCP,2
3521-HTQTV,0
3744-ZBHON,0
3373-DIUUN,0
8383-SGHJU,3
7607-QKKTJ,2
7707-PYBBH,2
8984-HPEMB,3
4349-GFQHK,0
4139-DETXS,3
9779-DPNEJ,2
9805-FILKB,0
5793-YOLJN,0
0673-IGUQO,0
4123-FCVCB,3
8819-IMISP,3
7802-EFKNY,0
8311-UEUAB,1
5858-EAFCZ,3
8035-BUYVG,0
1163-ONYEY,3
9787-XVQIU,0
8945-MUQUF,2
5656-MJEFC,0
6082-OQFBA,0
8051-HJRLT,2
8974-OVACP,0
4010-YLMVT,1
1379-FRVEB,0
8612-GXIDD,0
6288-CHQJB,3
8160-HOWOX,1
3023-GFLBR,0
6648-INWPS,2
4223-BKEOR,2
4079-VTGLK,2
1763-WQFUK,2
1391-UBDAR,0
8894-JVDCV,3
2023-VQFDL,0
1345-GKDZZ,0
2014-MKGMH,3
5628-FCGYG,1
2560-WBWXF,0
0248-IPDFW,3
7978-DKUQH,2
4335-UPJSI,0
0524-IAVZO,3
2737-YNGYW,0
1784-EZDKJ,1
9297-FVVDH,2
8007-YYPWD,0
7101-HRBLJ,2
5159-YFPKQ,0
6635-CPNUN,1
4021-RQSNY,2
5453-YBTWV,3
5039-LZRQT,0
2931-VUVJN,3
9061-TIHDA,3
8699-ASUFO,0
6418-PIQSP,0
8220-OCUFY,0
3995-WFCSM,2
1895-QTKDO,3
2038-OEQZH,3
1178-PZGAB,0
7927-AUXBZ,0
2626-VEEWG,0
2878-RMWXY,1
1657-DYMBM,0
7311-MQJCH,0
7375-WMVMT,2
1136-XGEQU,1
2530-FMFXO,3
6844-DZKRF,2
4695-WJZUE,0
7619-ODSGN,2
5970-GHJAW,0
8879-XUAHX,2
3689-MOZGR,2
4195-PNGZS,0
5003-XZWWO,2
3988-RQIXO,0
7622-FWGEW,3
6922-NCEDI,0
2514-GINMM,0
9891-NQDBD,0
6131-IUNXN,0
8548-AWOFC,1
9798-DRYDS,0
8532-UEFWH,2
6296-DDOOR,3
7951-VRDVK,1
5931-FLJJF,0
4815-YOSUK,3
2659-VXMWZ,2
0380-NEAVX,3
3207-OYBWH,0
4285-GYRQC,0
7216-EWTRS,0
4365-MSDYN,0
7036-TYDEC,3
5802-ADBRC,1
8076-FEZKJ,0
5197-YPYBZ,0
8337-MSSXB,2
4312-GVYNH,2
8495-LJDFO,3
0839-JTCUD,2
5494-WOZRZ,3
1302-UHBDD,3
2234-EOFPT,2
8619-IJNDK,3
8378-LKJAF,3
8182-BJDSI,0
2528-HFYZX,3
1153-GNOLC,2
3298-QEICA,2
0788-DXBFY,0
3597-YASZG,3
3496-LFSZU,0
5242-UOWHD,0
2482-CZGBB,0
6479-SZPLM,0
8097-VBQTZ,3
4500-HKANN,2
9917-KWRBE,1
3420-ZDBMA,0
2212-LYASK,0
1393-IMKZG,2
8069-RHUXK,0
3398-GCPMU,3
2908-WGAXL,2
3378-AJRAO,0
1013-QCWAM,1
0866-QLSIR,0
6050-FFXES,3
7181-BQYBV,2
0362-RAOQO,0
9554-DFKIC,2
5527-ACHSO,2
0829-DDVLK,0
1399-UBQIU,0
1813-JLKWR,0
0336-PIKEI,3
7322-OCWHC,3
9537-VHDTA,2
4957-TIALW,2
2054-PJOCK,3
9150-HEPMB,0
9030-QGZNL,0
6204-IEUXJ,0
3126-WQMGH,0
4529-CKBCL,2
2506-CLAKW,2
7176-WRTNX,1
1583-IHQZE,0
5732-IKGQH,1
9239-GZHZE,3
7205-BAIAD,0
0151-ONTOV,2
4140-MUHUG,0
0093-EXYQL,3
8064-RAVOH,0
0219-QAERP,0
0320-JDNQG,2
7180-PISOG,0
9168-INPSZ,3
3571-RFHAR,0
0015-UOCOJ,2
5334-AFQJB,2
2754-SDJRD,1
9578-VRMNM,2
1587-FKLZB,3
6140-QNRQQ,0
8963-JLGJT,2
4307-KTUMW,2
1465-LNTLJ,0
5440-FLBQG,0
2135-DQWAQ,2
4056-QHXHZ,3
7470-MCQTK,0
7488-MXJIV,0
7401-JIXNM,1
9339-FIIJL,3
2027-FECZV,2
2672-DZUOY,0
4706-DGAHW,2
3870-MQAMG,0
6670-MFRPK,2
6177-PEVRA,2
4800-CZMPC,3
4813-HQMGZ,2
7579-KKLOE,2
7377-DMMRI,0
8402-EIVQS,2
4947-DSMXK,1
7245-NIIWQ,2
0002-ORFBO,0
3324-OIRTO,3
5414-OFQCB,1
4967-WPNCF,3
8552-OBVRU,2
8499-BRXTD,0
9154-QDGTH,1
8197-BFWVU,2
2577-GVSIL,2
9367-OIUXP,0
6770-UAYGJ,0
6463-HHXJR,2
7928-VJYAB,0
1187-WILMM,2
9776-OJUZI,3
1306-RPWXZ,0
8949-JTMAY,0
2774-LVQUS,3
3097-PYWXL,0
2266-SJNAT,3
0869-PAPRP,3
4238-JSSWH,3
2972-YDYUW,3
1104-FEJAM,3
2809-ILCYT,0
5499-ECUTN,3
4981-FLTMF,3
9121-PHQSR,3
3113-IWHLC,2
3211-ILJTT,0
4612-THJBS,0
4277-BWBML,0
4094-NSEDU,0
0234-TEVTT,0
4304-TSPVK,3
1552-AAGRX,2
2637-FKFSY,2
9796-MVYXX,2
7874-ECPQJ,0
0020-INWCK,3
7089-RKVSZ,0
2683-JXWQQ,0
9548-ZMVTX,3
8739-XNIKG,3
9755-JHNMN,3
3981-QSVQI,0
2789-HQBOU,3
9424-CMPOG,0
5067-WJEUN,0
3450-WXOAT,2
9251-WNSOD,3
6974-DAFLI,0
2616-UUTFK,2
7064-JHXCE,2
5103-MHMHY,0
7989-AWGEH,2
4373-VVHQL,3
4559-UWIHT,2
7268-IGMFD,1
1846-XWOQN,0
0235-KGSLC,2
6650-BWFRT,2
9570-KYEUA,3
6993-YGFJV,3
2712-SYWAY,0
0730-BGQGF,2
5498-IBWPI,2
9101-NTIXF,0
0013-SMEOE,1
9314-QDMDW,3
9308-ANMVE,3
2884-GBPFB,2
3757-NJYBX,3
3413-DHLPB,3
7649-PHJVR,0
6114-TCFID,2
3787-TRIAL,0
2573-GYRUU,1
5156-UMKOW,2
1247-QBVSH,2
6734-GMPVK,2
9822-OAOVB,0
6161-ERDGD,1
1226-JZNKR,0
7318-EIVKO,2
3771-PZOBW,3
5136-KCKGI,2
8231-BSWXX,3
6486-LHTMA,3
4083-BFNYK,1
3722-WPXTK,2
7389-KBFIT,2
7176-WIONM,2
5141-ZUVBH,3
1089-HDMKP,2
7623-HKYRK,0
0310-SUCIN,3
5197-PYEPU,3
2929-ERCFZ,2
7548-SEPYI,0
8835-VSDSE,2
6619-RPLQZ,0
3275-RHRNE,0
3503-TYDAY,2
6901-GOGZG,2
1623-NLDOT,0
7021-XSNYE,3
9621-OUPYD,0
9898-KZQDZ,0
8982-NHAVY,1
4307-KWMXE,0
0141-YEAYS,2
2450-ZKEED,0
3694-DELSO,2
3893-JRNFS,0
9603-OAIHC,2
1133-KXCGE,2
5236-PERKL,2
0142-GVYSN,0
1049-FYSYG,0
7854-FOKSF,0
2519-FAKOD,0
8406-LNMHF,1
1821-BUCWY,3
8263-JQAIK,0
0023-UYUPN,2
8314-DPQHL,2
1465-WCZVT,0
9481-SFCQY,0
6360-SVNWV,0
0567-GGCAC,3
7089-IVVAZ,0
8884-MRNSU,0
2171-UDMFD,0
9050-IKDZA,2
2205-YMZZJ,2
9802-CAQUT,0
1254-IZEYF,2
0187-WZNAB,3
9492-TOKRI,2
1475-VWVDO,1
9221-OTIVJ,0
1357-MVDOZ,2
7602-MVRMB,3
3325-FUYCG,0
5908-QMGOE,0
1197-BVMVG,2
5406-KGRMX,0
8481-YYXWG,0
5968-HYJRZ,0
5198-EFNBM,2
7516-GMHUV,2
7140-ADSMJ,2
2230-XTUWL,0
7706-YLMQA,0
2585-KTFRE,2
7994-UYIVZ,3
2609-IAICY,0
1740-CSDJP,0
7717-BICXI,0
6559-RAKOZ,2
2636-OHFMN,0
4716-MRVEN,0
2143-LJULT,2
1323-OOEPC,0
3200-MNQTF,3
6164-HXUGH,0
5630-IXDXV,1
0320-DWVTU,3
9135-MGVPY,3
1212-GLHMD,3
7878-JGDKK,2
1088-AUUZZ,2
0397-GZBBC,2
6614-YWYSC,0
9588-OZDMQ,2
7641-EUYET,2
6476-EPYZR,0
9921-ZVRHG,0
1174-FGIFN,3
6620-HVDUJ,0
4701-MLJPN,0
1032-MAELW,3
7641-TQFHN,1
1552-TKMXS,0
9206-GVPEQ,0
8622-ZLFKO,1
1596-BBVTG,2
6188-UXBBR,0
2333-KWEWW,0
5702-SKUOB,0
1134-YWTYF,2
6061-GWWAV,2
0679-TDGAK,3
6585-WCEWR,0
9067-YGSCA,0
9067-SQTNS,0
8433-WXGNA,0
1776-SPBWV,0
8735-SDUFN,0
9668-PUGNU,0
9405-GPBBG,1
1926-QUZNN,0
3707-GNWHM,2
7016-NVRIC,2
5829-NVSQN,3
9565-AXSMR,0
8922-LIEGH,2
8869-LIHMK,3
8245-UMPYT,2
5186-SAMNZ,0
0447-RXSGD,1
4927-WWOOZ,3
5788-YPOEG,2
5373-SFODM,2
0661-KBKPA,3
9081-WWXKP,0
0784-ZQJZX,0
3133-PZNSR,3
5766-ZJYBB,0
8931-GJJIQ,0
4277-PVRAN,0
0022-TCJCI,0
0722-SVSFK,1
3612-YVGSJ,0
9825-YCXWZ,3
5397-NSKQG,0
8565-HBFNN,1
2000-DHJUY,3
0203-HHYIJ,0
8670-ERCJH,3
7758-UJWYS,0
2050-ONYDQ,0
7055-JCGNI,1
0739-UUAJR,3
4826-DXMUP,1
0952-KMEEH,0
7285-KLOTR,2
0654-PQKDW,2
7175-NTIXE,3
7963-SHNDT,3
9796-BPKIW,2
0188-GWFLE,0
8129-GMVGI,0
2882-DDZPG,0
3547-LQRIK,2
9137-NOQKA,0
5843-TTHGI,0
1849-RJYIG,2
8868-GAGIO,2
4061-UKJWL,2
5380-XPJNZ,0
8263-QMNTJ,3
8178-EYZUO,2
3230-JCNZS,3
0277-ORXQS,2
5130-IEKQT,2
3230-WYKIR,2
7996-BPXHY,0
3227-WLKLI,3
0407-BDJKB,0
2266-FUBDZ,0
8237-ULIXL,2
9600-UDOPK,2
8216-AZUUZ,3
9153-BTBVV,0
4074-SJFFA,0
3269-ATYWD,2
5186-PEIZU,0
1074-AMIOH,1
4910-GMJOT,0
0354-WYROK,0
4361-FEBGN,0
7748-UMTRK,3
0380-ZCSBI,0
7145-FEJWU,3
6463-MVYRY,1
3969-JQABI,0
9624-EGDEQ,0
1051-EQPZR,0
5849-ASHZJ,0
5780-INQIK,2
7576-OYWBN,2
4526-ZJJTM,3
8384-FZBJK,3
3750-RNQKR,0
0962-CQPWQ,0
3096-YXENJ,3
1265-BCFEO,3
5837-LXSDN,0
5945-AZYHT,1
8325-QRPZR,0
6384-VMJHP,3
2262-SLNVK,2
7730-CLDSV,1
1135-HIORI,1
0164-APGRB,1
6481-ESCNL,3
1790-NESIO,0
1550-EENBN,1
5539-TMZLF,2
4323-SADQS,0
4446-BZKHU,2
5202-IVJNU,0
5976-JCJRH,0
8198-RKSZG,3
0137-OCGAB,0
3351-NQLDI,0
9297-EONCV,2
7593-JNWRU,0
4588-YBNIB,0
1069-QJOEE,0
3336-JORSO,0
7799-DSEWS,2
8766-PAFNE,2
5315-CKEQK,2
3130-ICDUP,0
0820-FNRNX,0
0880-FVFWF,2
4611-ANLQC,0
4213-HKBJO,0
2792-LSHWX,2
5028-GZLDO,0
0014-BMAQU,2
6861-XWTWQ,0
9018-PCIOK,3
4837-QUSFT,2
6877-TJMBR,2
9953-ZMKSM,0
0907-HQNTS,1
7665-NKLAV,0
6769-DCQLI,3
2433-KMEAS,0
4391-LNRXK,1
8250-ZNGGW,2
2195-ZRVAX,2
3550-SAHFP,0
2011-TRQYE,0
8562-GHPPI,0
5893-PYOLZ,3
4986-MXSFP,0
6131-FOYAS,2
3027-YNWZU,2
5609-IMCGG,2
4873-ILOLJ,0
4727-MCYZG,3
9481-WHGWY,3
2725-KXXWT,2
9565-DJPIB,0
4328-VUFWD,2
3301-LSLWQ,0
7473-ZBDSN,0
3166-PNEOF,2
5639-NTUPK,0
8780-YRMTT,2
8348-HFYIV,0
5140-FOMCQ,2
6242-SGYTS,3
8166-ORCHU,3
8414-OOEEL,1
8454-AATJP,1
6849-WLEYG,0
4659-NZRUF,0
4531-AUZNK,2
4191-XOVOM,3
2150-OEGBV,0
8429-XIBUM,0
1855-CFULU,0
4878-BUNFV,0
1872-EBWSC,0
2608-BHKFN,0
7026-YMSBE,0
7341-LXCAF,0
6997-UVGOX,3
9674-EHPPG,2
9462-MJUAW,0
8128-YVJRG,0
5440-VHLUL,3
5781-BKHOP,0
4283-FUTGF,0
5213-TWWJU,3
1569-TTNYJ,0
8628-MFKAX,1
2397-BRLOM,0
7629-WIXZF,2
5445-GLVOT,0
3976-HXHCE,0
2466-NEJOJ,0
0254-KCJGT,3
5472-CVMDX,0
6461-SZMCV,1
8150-QUDFX,0
9508-ILZDG,1
2346-DJQTB,0
1697-LYYYX,0
1942-OQFRW,2
4749-VFKVB,0
9640-ZSLDC,2
4231-LZUYM,0
7598-UAASY,2
7938-OUHIO,0
8510-AWCXC,2
6128-AQBMT,3
3594-BDSOA,0
0431-APWVY,0
5133-VRSAB,0
5996-DAOQL,0
6838-YAUVY,1
0484-JPBRU,2
7883-ROJOC,2
0244-LGNFY,1
7274-CGTOD,0
4295-YURET,2
3426-NIYYL,0
8225-BTJAU,0
4635-EJYPD,0
1866-ZSLJM,0
4636-TVXVG,0
4236-UJPWO,0
9392-XBGTD,0
3387-VATUS,0
6402-SSEJG,2
1143-NMNQJ,0
1169-SAOCL,3
1110-KYLGQ,1
9929-PLVPA,0
3518-PZXZQ,0
2371-JUNGC,0
7693-QPEFS,2
0924-BJCRC,3
5074-FBGHB,0
2351-BKRZW,3
4455-BFSPD,1
0415-MOSGF,0
1724-BQUHA,2
3948-KXDUF,2
2323-ARSVR,1
0815-MFZGM,3
4826-XTSOH,0
5480-XTFFL,0
8295-FHIVV,0
2495-INZWQ,0
9086-YJYXS,2
1179-INLAT,0
7909-FIOIY,2
4139-SUGLD,0
6857-VWJDT,0
6351-SCJKT,3
5468-BPMMO,0
5624-BQSSA,0
0197-PNKNK,3
2439-QKJUL,0
1194-SPVSP,0
9534-NSXEM,0
2408-WITXK,0
8929-KSWIH,3
2250-IVBWA,3
1810-MVMAI,1
9506-UXUSK,2
1229-RCALF,3
3572-UOLYZ,2
1429-UYJSV,2
5577-OTWWW,0
6100-QQHEB,2
6366-XIVKZ,0
3470-OBUET,3
2770-NSVDG,2
9375-MHRRS,2
2634-HCZGT,2
7503-QQRVF,2
4860-YZGZM,0
6599-GZWCM,2
2691-NZETQ,0
4404-HIBDJ,2
5533-NHFRF,2
7037-MTYVW,2
4760-THGOT,2
7295-JOMMD,2
4016-BJKTZ,1
6584-VQMYT,2
9838-BFCQT,0
2790-XUYMV,2
0581-MDMPW,3
5013-SBUIH,1
1023-BQXZE,3
9163-GHAYE,2
3904-UKFRE,0
5353-WILCI,2
0709-TVGUR,0
0058-EVZWM,1
6023-YEBUP,3
7209-JCUDS,0
7009-PCARS,0
0519-DRGTI,0
1017-FBQMM,1
3001-CBHLQ,3
1985-MBRYP,0
6158-DWPZT,0
9372-TXXPS,2
3259-QMXUN,2
1015-JPFYW,0
6645-MXQJT,3
4360-QRAVE,0
8433-WPJTV,1
5804-JMYIO,0
3763-GCZHZ,0
6484-LATFU,0
7599-NTMDP,3
0772-GYEQQ,2
0536-ACXIP,1
0936-NQLJU,0
4831-EOBFE,2
1575-KRZZE,3
3251-YMVWZ,0
4102-OQUPX,0
9170-GYZJC,2
4884-LEVMQ,0
8857-CUPFQ,0
7610-TVOPG,0
3638-DIMPH,2
1845-ZLLIG,2
8559-WNQZS,0
3999-QGRJH,2
1699-UOTXU,2
2454-RPBRZ,2
0635-WKOLD,2
5993-JSUWV,3
4518-FZBSX,0
5387-ASZNZ,2
6988-CJEYV,3
2002-MZHWP,0
3097-FQTVJ,0
5465-BUBFA,0
7299-GNVPL,3
9743-DQKQW,0
1215-VFYVK,0
9371-BITHB,0
2265-CYWIV,2
9093-FPDLG,3
0541-FITGH,3
6985-HAYWX,2
7508-KBIMB,2
6838-HVLXG,0
2277-DJJDL,1
1897-OKVMW,3
5485-ITNPC,2
0233-FTHAV,0
4644-PIZRT,0
8922-NPKBJ,0
2740-TVLFN,0
7771-CFQRQ,3
9512-PHSMG,2
6963-EZQEE,0
2452-KDRRH,2
2004-OCQXK,0
5027-QPKTE,0
4146-SVFUD,2
1564-HJUVY,3
3617-XLSGQ,2
7517-LDMPS,3
7244-KXYZN,0
5226-NOZFC,2
2672-HUYVI,2
1400-WIVLL,3
7508-MYBOG,2
8148-NLEGT,0
0148-DCDOS,0
8347-GDTMP,0
9992-RRAMN,0
6746-WAUWT,0
0310-MVLET,0
0428-IKYCP,3
4550-VBOFE,2
2187-PKZAY,1
4003-OCTMP,0
6652-YFFJO,2
7225-IILWY,2
5248-RPYWW,2
7923-IYJWY,1
3170-GWYKC,2
5696-QURRL,0
7409-KIUTL,0
9830-ECLEN,0
1732-VHUBQ,2
0495-RVCBF,0
2668-TZSPS,0
7854-EDSSA,0
8869-TORSS,2
7446-SFAOA,0
9522-ZSINC,0
8234-GSZYK,0
6505-OZNPG,2
6164-HAQTX,2
0679-IDSTG,0
7765-LWVVH,2
1658-TJVOA,1
0953-LGOVU,0
2115-BFTIW,0
4692-NNQRU,2
7742-MYPGI,2
0611-DFXKO,2
7780-OTDSO,2
9619-GSATL,3
5622-UEJFI,0
9747-DDZOS,0
0674-DGMAQ,3
6203-HBZPA,2
0484-FFVBJ,2
0301-FIDRB,2
4139-JPIAM,0
2181-TIDSV,0
2761-XECQW,0
1936-CZAKF,0
9453-PATOS,1
0564-JJHGS,0
3348-CFRNX,0
4402-FTBXC,1
1428-GTBJJ,0
2931-XIQBR,2
0106-UGRDO,1
5542-TBBWB,2
1930-QPBVZ,2
2606-PKWJB,2
5322-ZSMZY,0
8059-UDZFY,3
7740-BTPUX,1
5220-AGAAX,0
0208-BPQEJ,0
9435-JMLSX,1
3352-ALMCK,3
5312-IRCFR,2
5294-IMHHT,1
8802-UNOJF,2
6313-GIDIT,0
6176-YJWAS,1
5310-NOOVA,0
4526-EXKKN,0
5311-IHLEI,2
3987-KQDDU,2
3404-JNXAX,3
5131-PONJI,1
2845-AFFTX,2
3489-VSFRD,2
3345-JHUEO,0
5815-HGGHV,2
5260-UMPWX,0
2249-YPRNG,2
7410-YTJIK,0
4626-GYCZP,2
5649-RXQTV,2
2674-MIAHT,3
2576-HXMPA,0
7587-AOVVU,3
5590-BYNII,0
6898-MDLZW,2
3237-AJGEH,0
4707-YNOQA,0
9357-UJRUN,3
1591-NFNLQ,0
8648-PFRMP,2
7663-CUXZB,1
0258-NOKBL,3
1163-VIPRI,1
2815-CPTUL,0
9348-ROUAI,0
9443-JUBUO,2
0596-BQCEQ,0
1481-ZUWZA,0
3043-TYBNO,2
4830-FAXFM,0
5906-BFOZT,0
2960-NKRSO,3
8996-ZROXE,2
5598-IKHQQ,2
0397-ZXWQF,0
5266-PFRQK,0
4674-HGNUA,3
6765-MBQNU,0
9786-IJYDL,3
1303-SRDOK,0
3769-MHZNV,0
6295-OSINB,0
3308-MHOOC,0
2309-OSFEU,0
2207-QPJED,3
4177-JPDFU,0
2239-CFOUJ,0
8046-DNVTL,2
2209-XADXF,0
6620-JDYNW,2
1891-FZYSA,0
4770-UEZOX,1
1038-RQOST,2
7613-LLQFO,2
4568-TTZRT,2
9513-DXHDA,2
2640-PMGFL,0
3801-HMYNL,0
0516-QREYC,0
9685-WKZGT,0
6022-UGGSO,0
8084-OIVBS,0
8896-BQTTI,0
3865-QBWSJ,2
3352-RICWQ,0
2160-GPFXD,2
2065-MMKGR,2
5857-TYBCJ,2
1498-NHTLT,2
4484-CGXFK,0
1402-PTHGN,2
4176-RELJR,0
6214-EDAKZ,0
5199-FPUSP,2
6377-KSLXC,0
1796-JANOW,0
0238-WHBIQ,0
8735-NBLWT,0
6651-RLGGM,0
6127-ISGTU,0
1614-JBEBI,2
8740-XLHDR,0
1208-DNHLN,2
1761-AEZZR,0
3923-CSIHK,2
5696-EXCYS,0
5795-KTGUD,1
7120-RFMVS,0
7924-GJZFI,3
4702-HDRKD,0
8512-WIWYV,0
5897-ZYEKH,2
5456-ITGIC,2
7317-GGVPB,0
1406-PUQVY,2
1322-AGOQM,0
3677-IYRBF,0
5692-FPTAH,0
9114-AAFQH,2
8715-KKTFG,2
1550-LOAHA,0
1728-BQDMA,0
0268-QKIWO,0
0876-WDUUZ,0
5117-ZSMHQ,3
5151-HQRDG,2
0960-HUWBM,2
6465-GSRCL,0
0617-FHSGK,0
0263-FJTQO,3
7319-ZNRTR,0
2858-MOFSQ,2
7503-EPSZW,0
7089-XXAYG,2
8118-LSUEL,3
8070-AAWZP,0
1666-JXLKU,3
7855-DIWPO,3
5133-POWUA,2
5652-MSDEY,3
7005-CCBKV,0
1810-BOHSY,3
1784-BXEFA,0
7351-MHQVU,3
9224-VTYID,2
9500-IWPXQ,2
5762-TJXGK,3
4504-YOULA,3
5569-IDSEY,3
4250-FDVOU,0
7284-ZZLOH,0
5277-ZLOOR,0
2141-RRYGO,0
1777-JYQPJ,0
6376-GAHQE,0
3401-URHDA,0
1599-EAHXY,2
8631-XVRZL,0
5052-PNLOS,0
3853-LYGAM,0
6979-ZNSFF,0
5751-USDBL,2
5680-LQOGP,2
2386-LAHRK,0
8189-DUKMV,0
6032-IGALN,0
9931-DCEZH,2
1898-JSNDC,2
0315-LVCRK,2
3911-RSNHI,2
2410-CIYFZ,0
4248-HCETZ,0
5505-OVWQW,0
7271-AJDTL,1
1867-TJHTS,1
0516-WJVXC,0
9174-FKWZE,0
6860-YRJZP,1
4429-WYGFR,2
2817-LVCPP,0
5038-ETMLM,1
5056-FIMPT,2
4521-WFJAI,2
6569-KTMDU,0
8809-RIHDD,2
8809-XKHMD,3
0396-YCHWO,1
0867-LDTTC,0
4822-NGOCH,2
9391-DXGGG,0
9844-FELAJ,0
2122-SZZZD,0
5307-DZCVC,0
3148-AOIQT,0
8679-JOEVF,0
8395-ETZKQ,0
6692-YQHXC,3
3889-VWBID,1
5222-JCXZT,0
9754-CLVZW,0
1432-FPAXX,0
2739-CCZMB,0
7080-TNUWP,2
0496-AHOOK,3
8336-TAVKX,2
2468-SJFLM,2
3181-VTHOE,2
7168-HDQHG,0
4803-AXVYP,2
3884-HCSWG,2
4567-AKPIA,1
5077-DXTCG,0
1142-WACZW,0
7901-HXJVA,2
5649-ANRML,0
4892-VLANZ,0
5924-IFQTT,1
7968-QUXNS,0
2919-HBCJO,2
4236-XPXAV,3
8903-WMRNW,3
2452-SNHFZ,3
3629-WEAAM,2
6029-CSMJE,0
7993-NQLJE,3
9909-DFRJA,3
9099-FTUHS,3
0581-BXBUB,3
4962-CHQPW,0
9467-ROOLM,0
3030-YZADT,0
7410-KTVFV,2
5150-ITWWB,1
2253-KPMNB,2
1345-ZUKID,0
6429-SHBCB,2
9281-OFDMF,3
2603-HVKCG,1
1834-WULEG,0
9097-ZUBYC,2
5148-ORICT,2
4893-GYUJU,0
4578-PHJYZ,2
7272-QDCKA,1
8908-SLFCJ,0
8393-DLHGA,3
9766-HGEDE,0
6968-MHOMU,0
7395-IGJOS,0
5044-XDPYX,2
1814-WFGVS,2
2834-SPCJV,0
3721-WKIIL,0
6734-CKRSM,0
1265-ZFOSD,3
6568-POCUI,3
7890-VYYWG,0
5197-LQXXH,3
9907-SWKKF,0
3457-PQBYH,0
7682-AZNDK,0
0587-DMGBH,2
5384-ZTTWP,0
3745-HRPHI,3
7636-OWBPG,2
1231-YNDEK,0
1407-DIGZV,0
6397-JNZZG,0
0570-BFQHT,0
4393-OBCRR,0
3523-QRQLL,0
8564-LDKFL,1
3696-DFHHB,0
0895-DQHEW,2
4717-GHADL,3
5501-TVMGM,2
5879-HMFFH,2
6772-WFQRD,2
3810-DVDQQ,3
6972-SNKKW,0
3694-GLTJM,0
8550-XSXUQ,3
8149-RSOUN,0
9055-MOJJJ,3
4359-INNWN,0
0585-EGDDA,3
4032-RMHCI,0
0549-CYCQN,3
3481-JHUZH,3
7250-EQKIY,0
3594-IVHJZ,2
6869-FGJJC,3
3896-ZVNET,2
8205-VSLRB,3
5960-MVTUK,0
6817-WTYHE,2
3082-VQXNH,0
4013-UBXWQ,0
4931-TRZWN,0
0750-EKNGL,0
7669-LCRSD,2
3567-PQTSO,1
5519-NPHVG,2
8043-PNYSD,0
9938-EKRGF,2
2703-AMTUL,0
0928-JMXNP,2
8173-RXAYP,0
4825-XJGDM,2
5402-HTOTQ,2
6734-JDTTV,0
7850-THJMU,0
3890-RTCMS,2
8849-GYOKR,2
3148-BLQJT,0
3717-FDJFU,0
3665-JATSN,0
7966-YOTQW,0
0461-CVKMU,0
8806-EAGWC,2
8853-TZDGH,2
7779-LGOVN,0
4324-BZCKL,0
6924-TDGMT,0
9710-ZUSHQ,2
1536-YHDOE,2
8123-QBNAZ,1
3629-ZNKXA,3
4827-LTQRJ,3
7711-YIJWC,3
5482-VXSXJ,2
7365-BVCJH,0
9620-ENEJV,2
4183-WCSEP,0
2378-YIZKA,3
5498-TXHLF,2
0689-DSXGL,3
6818-DJXAA,1
9722-UJOJR,2
0464-WJTKO,0
8902-ZEOVF,0
6778-EICRF,2
2662-NNTDK,0
4132-KALRO,1
3902-FOIGH,0
6772-KSATR,0
7112-OPOTK,2
2874-YXVVA,1
1245-HARPS,0
4210-QFJMF,0
4323-ELYYB,0
4293-ETKAP,3
6064-PUPMC,0
6504-VBLFL,3
6322-PJJDJ,2
0330-BGYZE,1
1085-LDWAM,0
7586-ZATGZ,2
7197-VOJMM,2
3318-OSATS,0
5828-AVIPD,3
1843-TLSGD,0
9626-VFRGG,0
7075-BNDVQ,0
9143-CANJF,2
7284-BUYEC,0
2041-JIJCI,3
1086-LXKFY,2
4900-MSOMT,2
2229-VWQJH,0
9194-GFVOI,3
1336-EZFZY,0
4282-MSACW,3
1403-LKLIK,0
2636-ALXXZ,0
7774-OJSXI,3
7786-WBJYI,0
0136-IFMYD,1
5144-TVGLP,3
9643-AVVWI,3
0253-ZTEOB,2
2706-QZIHY,0
6061-PQHMK,0
9885-CSMWE,0
6137-MFAJN,2
9122-UMROB,0
4232-JGKIY,0
2402-TAIRZ,3
9659-ZTWSM,1
9139-TWBAS,0
6685-GBWJZ,2
5016-ETTFF,0
3866-MDTUB,0
2195-VVRJF,2
3913-RDSJZ,0
8058-JMEQO,0
4203-QGNZA,2
5043-TRZWM,1
0697-ZMSWS,0
7657-DYEPJ,0
9494-BDNNC,2
1640-PLFMP,2
5366-OBVMR,2
8276-MQBYC,0
7644-OMVMY,0
7593-XFKDI,0
4573-JKNAE,0
0337-CNPZE,0
9817-APLHW,2
8380-MQINP,0
0840-DFEZH,1
1513-XNPPH,0
8690-ZVLCL,1
6015-VVHHE,2
1125-SNVCK,0
0384-LPITE,0
4616-EWBNJ,0
6347-DCUIK,2
1335-HQMKX,3
2545-EBUPK,3
6923-AQONU,2
2172-EJXVF,1
0897-FEGMU,0
7663-RGWBC,2
1120-BMWUB,0
9124-LHCJQ,3
4536-PLEQY,3
7029-IJEJK,2
8871-JLMHM,3
2235-ZGKPT,0
3891-PUQOD,0
5447-VYTKW,3
3623-FQBOX,0
0689-NKYLF,0
8659-HDIYE,0
3658-KIBGF,0
3474-BAFSJ,2
5519-YLDGW,3
3865-ZFZIB,0
1855-AGAWH,3
7109-CQYUZ,1
1370-GGAWX,1
4680-KUTAJ,3
5307-UVGNB,2
4946-EDSEW,0
2883-ILGWO,2
2516-VQRRV,0
7580-UGXNC,0
3642-BYHDO,0
9629-NHXFW,0
2696-RZVZW,0
5766-FTRTS,2
0396-HUJBP,0
5178-LMXOP,0
8879-ZKJOF,3
6285-FTQBF,0
8185-UPYBR,2
4585-HETAI,2
7526-BEZQB,2
1474-JUWSM,0
3530-CRZSB,0
8498-XXGWA,2
9617-INGJY,2
0621-TSSMU,0
7234-KMNRQ,0
7636-PEPNS,0
4683-WYDOU,2
9052-DHNKM,2
6794-HKIAJ,3
5578-NKCXI,0
1642-HMARX,1
3096-WPXBT,1
8434-PNQZX,2
5950-AAAGJ,2
4299-OPXEJ,0
4951-UKAAQ,3
9618-LFJRU,0
6693-DJWTY,3
0744-GKNGE,3
6447-EGDIV,0
1167-OYZJF,0
2108-YKQTY,0
4806-DXQCE,1
4918-QLLIW,0
7056-IMHCC,2
4854-SSLTN,2
5294-DMSFH,3
4837-PZTIC,2
1625-JAIIY,2
0603-OLQDC,2
3272-VUHPV,2
4176-FXYBO,3
1063-DHQJF,2
8663-UPDGF,3
6719-FGEDO,1
1837-YQUCE,2
2947-DOMLJ,0
4112-LUEIZ,3
0369-ZGOVK,2
4510-HIMLV,2
9919-KNPOO,3
8749-JMNKX,2
7872-BAAZR,0
9391-LMANN,2
2430-USGXP,2
8174-TBVCF,0
1698-XFZCI,3
1877-HKBQX,3
4450-DLLMH,3
0428-AXXLJ,0
2746-DIJLO,0
5955-ERIHD,0
0917-EZOLA,2
3508-VLHCZ,3
4086-ATNFV,2
0468-YRPXN,3
5996-NRVXR,3
3739-YBWAB,2
7047-FWEYA,1
2000-MPKCA,3
9762-YAQAA,3
5949-EBSQK,0
5473-KHBPS,2
0100-DUVFC,2
5397-TUPSH,0
8950-MTZNV,0
0326-VDYXE,3
6773-LQTVT,0
7274-RTAPZ,2
0436-TWFFZ,3
8566-YPRGL,0
0311-UNPFF,2
6609-MXJHJ,0
2669-OIDSD,3
8400-WZICQ,2
3834-XUIFC,0
9576-SYUHJ,3
0410-IPFTY,2
2831-EBWRN,2
9430-NKQLY,0
8414-MYSHR,2
0247-SLUJI,0
9402-ORRAH,2
6483-OATDN,0
1293-HHSHJ,0
4840-ORQXB,3
7599-FKVXZ,2
3982-DQLUS,3
8610-ZIKJJ,0
3756-VNWDH,1
7801-KICAO,0
7673-LPRNY,3
8229-TNIQA,0
6060-QBMGV,0
7339-POGZN,2
2828-SLQPF,2
4465-VDKIQ,3
2921-XWDJH,1
6221-AVQYL,0
2558-BUOZZ,2
9257-AZMTZ,0
0003-MKNFE,0
0975-UYDTX,2
7743-EXURX,0
4682-BLBUC,3
0975-VOOVL,0
5968-VXZLG,0
5569-KGJHX,0
4988-IQIGL,0
5201-FRKKS,2
9799-CAYJJ,0
7730-IUTDZ,0
0426-TIRNE,0
5443-SCMKX,2
8295-KMENE,0
6738-ISCBM,2
9821-BESNZ,1
3678-MNGZX,0
1335-NTIUC,0
2916-BQZLN,3
4558-CGYCZ,0
2368-GAKKQ,1
8710-YGLWG,0
3199-XGZCY,1
3785-KTYSH,0
6814-ZPWFQ,0
4063-EIKNQ,2
6993-YCOBK,1
5206-HPJKM,2
7587-RZNME,0
0748-RDGGM,1
8393-JMVMB,0
5019-GQVCR,2
6036-TTFYU,0
2550-AEVRU,3
0969-RGKCU,0
0378-CJKPV,2
4706-AXVKM,0
5889-JTMUL,2
9026-RNUJS,0
3746-EUBYR,2
2332-EFBJY,0
2880-FPNAE,3
1703-MGIAB,2
4311-QTTAI,0
9474-PHLYD,2
4318-RAJVY,0
2165-VOEGB,0
3612-YUNGG,3
2254-DLXRI,1
5062-CJJKH,2
9028-LIHRP,1
2219-MVUSO,0
1053-MXTTK,1
1530-ZTDOZ,0
1301-LOPVR,2
0853-TWRVK,0
8914-RBTSB,3
6212-ATMLK,3
8200-LGKSR,1
1568-BEKZM,0
0670-ANMUU,3
6897-RWMUB,3
0963-ZBDRN,0
7594-RQHXR,2
6999-CHVCF,3
6134-KWTBV,0
1077-HUUJM,3
6331-EWIEB,2
0895-LNKRC,0
2045-BMBTJ,3
8417-GSODA,1
5171-EPLKN,0
4452-QIIEB,2
5998-VVEJY,2
1624-NALOJ,2
6741-EGCBI,3
7820-ZYGNY,3
4317-VTEOA,2
9677-AVKED,3
1670-SVOWZ,3
2227-JRSJX,3
9847-HNVGP,0
6696-YDAYZ,0
8980-WQFWL,2
1730-ZMAME,3
6506-EYCNH,0
4634-JLRJT,0
9501-UKKNL,0
2560-QTSBS,0
7541-YLXCL,2
4795-WRNVT,3
6080-TCMYC,1
0260-ZDLGK,3
7860-UXCRM,1
6357-JJPQT,3
2292-XQWSV,2
9552-TGUZV,0
5913-INRQV,2
8722-NGNBH,0
6210-KBBPI,0
9643-YBLUR,0
8734-FNWVH,2
9447-YPTBX,0
0133-BMFZO,2
6128-CZOMY,2
9540-JYROE,0
9026-LHEVG,2
2260-USTRB,0
3656-TKRVZ,0
7011-CVEUC,3
6185-TASNN,2
7925-PNRGI,2
8623-TMRBY,0
1552-CZCLL,0
3038-PQIUY,3
1501-SGHBW,0
9313-CDOGY,0
8148-BPLZQ,0
2623-DRYAM,0
9987-LUTYD,2
3208-YPIOE,2
4488-KQFDT,1
2612-RANWT,0
5693-PIPCS,3
0491-KAPQG,0
1925-LFCZZ,3
8039-EQPIM,3
6900-PXRMS,0
8707-RMEZH,2
3346-BRMIS,0
3209-ZPKFI,2
6479-VDGRK,1
9373-WSLOY,2
2933-FILNV,0
3569-JFODW,3
9819-FBNSV,2
9544-PYPSJ,1
1591-XWLGB,0
0396-UKGAI,3
3243-ZHOHY,2
5186-EJEGL,2
7527-QNRUS,0
9986-BONCE,0
2722-JMONI,0
2203-GHNWN,1
3878-AVSOQ,1
3258-SYSWS,0
5296-PSYVW,0
6319-QSUSR,0
4083-EUGRJ,0
7579-OOPEC,2
0512-FLFDW,2
1771-OADNZ,2
0487-CRLZF,3
2107-FBPTK,1
9451-WLYRI,0
8219-VYBVI,2
1991-VOPLL,0
9738-QLWTP,1
1016-DJTSV,3
9419-IPPBE,3
0174-QRVVY,0
5699-BNCAS,2
2900-PHPLN,0
0612-RTZZA,0
8106-GWQOK,2
8751-EDEKA,1
6878-GGDWG,0
4039-PIMHX,3
8450-LUGUK,0
3604-WLABM,2
0795-GMVQO,2
2259-OUUSZ,2
1142-IHLOO,1
6410-LEFEN,0
4633-MKHYU,3
6257-RJOHI,0
1545-JFUML,2
3194-ORPIK,0
7826-VVKWT,1
1353-GHZOS,3
2587-EKXTS,3
5442-BXVND,0
8816-VXNZD,0
9378-FXTIZ,0
1723-HKXJQ,3
7825-GKXMW,0
9753-OYLBX,0
2364-UFROM,2
6656-JWRQX,0
6473-ULUHT,1
1240-KNSEZ,0
0836-SEYLU,0
4433-JCGCG,2
3716-BDVDB,2
7688-AWMDX,3
2842-BCQGE,2
7244-QWYHG,2
5899-MQZZL,2
6849-OYAMU,3
5312-UXESG,1
9488-HGMJH,2
6038-GCYEC,2
2150-WLKUW,2
7159-FVYPK,2
7032-LMBHI,3
1150-WFARN,2
6088-BXMRG,2
3144-AUDBS,0
4821-SJHJV,3
7346-MEDWM,3
1137-DGOWI,1
5616-PRTNT,0
3812-LRZIR,0
4818-QIUFN,2
9483-GCPWE,0
4227-OJHAL,2
9220-CXRSC,2
4993-JCRGJ,2
9537-JALFH,0
6698-OXETB,0
2103-ZRXFN,2
3724-BSCVH,0
4877-TSOFF,3
9209-NWPGU,2
6961-VCPMC,0
7306-YDSOI,2
5288-AHOUP,3
6688-UZPWD,2
0655-YDGFJ,0
8468-EHYJA,3
6823-SIDFQ,0
1097-FSPVW,2
2839-RFSQE,0
8328-SKJNO,2
7010-ZMVBF,0
5201-CBWYG,0
0968-GSIKN,0
1965-DDBWU,0
9057-SIHCH,2
6352-GIGGQ,2
3635-QQRQD,0
6771-XWBDM,3
2897-DOVND,0
3082-YVEKW,2
0191-EQUUH,0
7134-HBPBS,1
3489-HHPFY,2
2926-JEJJC,0
8601-QACRS,0
4950-BDEUX,2
5789-LDFXO,0
0508-OOLTO,2
2984-TBYKU,1
9822-WMWVG,2
2391-SOORI,0
9040-KZVWO,3
2645-QTLMB,0
4806-HIPDW,0
1548-ARAGG,2
6339-RZCBJ,0
4424-TKOPW,0
4415-WNGVR,2
2522-AHJXR,2
0412-UCCNP,2
1816-FLZDK,0
7096-UCLNH,0
8443-ZRDBZ,0
9136-ALYBR,0
4615-PIVVU,3
8885-QSQBX,3
7479-NITWS,2
8617-ENBDS,2
9385-NXKDA,3
0430-IHCDJ,0
2959-MJHIC,0
6674-KVJHG,0
1814-DKOLC,0
4201-JMNGR,0
9351-HXDMR,1
3537-HPKQT,0
2129-ALKBS,0
5821-MMEIL,0
5960-WPXQM,2
0684-AOSIH,2
8260-NGFNY,0
1309-XGFSN,2
1866-RZZQS,2
6968-URWQU,2
4742-TXUEX,0
9631-XEYKE,0
8631-NBHFZ,0
1335-MXCSE,0
8873-TMKGR,0
8800-JOOCF,1
1469-LBJQJ,1
4958-XCBDQ,3
8337-UPOAQ,0
0064-YIJGF,3
2386-OWURY,0
1725-IQNIY,0
0310-VQXAM,0
6598-RFFVI,0
3453-RTHJQ,1
6712-OAWRH,0
6278-FEPBZ,0
4280-DLSHD,2
1508-DFXCU,0
8614-VGMMV,0
7868-BGSZA,2
2800-QQUSO,0
2930-UOTMB,0
7973-DZRKH,3
5914-DVBWJ,2
7698-YFGEZ,0
2533-QVMSK,2
9773-PEQBZ,2
8644-XLFBW,0
0650-BWOZN,2
8625-AZYZY,0
7785-RDVIG,0
9602-WCXPI,2
2903-YYTBW,2
3620-MWJNE,0
8573-JGCZW,0
6837-HAEVO,3
6701-YVNQG,2
9306-CPCBC,0
4304-XUMGI,0
9504-YAZWB,0
8819-ZBYNA,3
6174-NRBTZ,0
9481-IEBZY,1
1833-VGRUM,0
6137-NICCO,3
9065-ZCPQX,2
6402-EJMWF,0
3620-EHIMZ,0
3213-VVOLG,0
6870-ECSHE,0
8747-UDCOI,0
8374-XGEJJ,0
2656-TABEH,2
6946-LMSQS,2
4626-OZDTJ,3
9169-BSVIN,0
2325-ZUSFD,0
8194-PEEBY,0
6872-HXFNF,0
3932-CMDTD,2
7714-YXSMB,1
8387-UGUSU,0
1080-BWSYE,0
4039-HEUNW,2
1194-HVAIF,2
0812-WUPTB,2
3594-UVONA,2
0004-TLHLJ,2
1767-TGTKO,2
8439-LTUGF,0
8805-JNRAZ,3
5089-IFSDP,0
6418-HNFED,3
0206-OYVOC,0
7291-CDTMJ,0
7128-GGCNO,3
0237-YFUTL,3
7691-KGKGP,2
6710-HSJRD,2
3675-EQOZA,0
0840-DCNZE,2
1732-FEKLD,3
9862-KJTYK,0
0479-HMSWA,1
5854-KSRBJ,0
0365-BZUWY,1
4817-VYYWS,2
5701-SVCWR,0
3129-AAQOU,0
4922-CVPDX,3
1396-QWFBJ,0
1357-BIJKI,1
1099-BTKWT,2
5299-SJCZT,2
2018-PZKMU,1
7340-KEFQE,0
4570-QHXHL,2
2403-BCASL,2
7392-YYPYJ,3
2898-LSJGD,0
2223-GDSHL,3
7359-PTSXY,0
9470-RTWDV,2
2176-OSJUV,3
9348-YVOMK,2
8104-OSKWT,3
4521-YEEHE,3
4090-KPJIP,0
3786-WOVKF,2
4503-BDXBD,0
6086-ESGRL,2
2592-HODOV,0
3886-CERTZ,3
7995-ZHHNZ,2
3824-RHKVR,0
5816-SCGFC,0
5989-AXPUC,2
4979-HPRFL,0
8590-OHDIW,0
8015-IHCGW,1
2332-TODQS,0
9278-VZKCD,1
8008-OTEZX,0
2773-OVBPK,0
5999-LCXAO,0
5206-XZZQI,2
4803-LBYPN,0
5759-RCVCB,0
6372-RFVNS,0
2139-FQHLM,3
8261-GWDBQ,0
1093-YSWCA,0
8938-UMKPI,0
0991-BRRFB,0
3882-IYOIJ,1
8749-TZYEC,0
1755-FZQEC,0
3115-JPJDD,2
5600-KTXFM,2
3871-IKPYH,2
6319-IEJWJ,2
9025-AOMKI,2
6339-TBELP,1
7964-YESJC,2
6173-GOLSU,1
5275-SQEIZ,3
7716-YTYHG,2
9938-ZREHM,2
7950-XWOVN,0
4390-KYULV,0
4647-MUZON,3
9702-AIUJO,0
8849-PRIQJ,3
8851-RAGOV,2
1304-NECVQ,2
5396-IZEPB,0
1729-VLAZJ,2
8285-ABVLB,0
0701-TJSEF,0
5712-VBOXD,0
6629-LADHQ,2
8945-GRKHX,0
1559-DTODC,0
4797-MIWUM,0
6959-UWKHF,0
8720-RQSBJ,0
4537-CIBHB,0
3815-SLMEF,0
5154-VEKBL,2
4324-AHJKS,2
4355-CVPVS,3
4495-LHSSK,0
5655-JSMZM,0
5915-ANOEI,3
9861-PDSZP,3
4505-EXZHB,3
7225-CBZPL,1
6704-UTUKK,2
4587-VVTOX,2
2019-HDCZY,2
4652-NNHNY,0
8788-DOXSU,3
7404-JLKQG,3
7421-ZLUPA,0
8972-HJWNV,0
3274-NSDWE,0
2632-IVXVF,3
3692-JHONH,3
8915-NNTRC,3
5914-GXMDA,2
7463-IFMQU,0
2920-RNCEZ,2
2541-YGPKE,3
8515-OCTJS,0
5382-TEMLV,0
3441-CGZJH,2
9592-ERDKV,2
2860-RANUS,2
5261-QSHQM,0
4778-IZARL,3
0432-CAJZV,2
7008-LZVOZ,0
8868-WOZGU,3
1200-TUZHR,1
9365-CSLBQ,0
1334-FJSVR,0
5884-FBCTL,0
7130-CTCUS,2
6242-FEGFD,2
7625-XCQRH,0
6194-HBGQN,2
7634-WSWDB,2
6986-IXNDM,3
1731-TVIUK,2
2987-BJXIK,2
9769-TSBZE,2
0406-BPDVR,0
0618-XWMSS,2
1395-WSWXR,0
6023-GSSXW,2
6752-APNJL,2
5276-KQWHG,2
0420-HLGXF,3
7446-KQISO,3
9823-EALYC,3
0582-AVCLN,2
5803-NQJZO,0
2565-JSLRY,0
2607-DHDAK,0
1073-XXCZD,0
0743-HRVFF,2
4006-HKYHO,3
3727-JEZTU,0
8143-ETQTI,0
6689-KXGBO,0
9667-TKTVZ,0
3657-COGMW,2
8570-KLJYJ,3
7754-IXRMC,2
9473-CBZOP,2
2969-WGHQO,2
6615-NGGZJ,2
4334-HOWRP,2
4255-DDUOU,0
5863-OOKCL,0
1686-STUHN,0
1329-VHWNP,0
2984-MIIZL,2
0266-GMEAO,1
5590-YRFJT,0
5574-NXZIU,3
0019-GFNTW,2
4256-ZWTZI,2
8309-PPCED,3
4098-NAUKP,2
5196-WPYOW,2
4608-LCIMN,0
1485-YDHMM,1
4054-CUMIA,0
0603-TPMIB,2
2525-GVKQU,0
8161-QYMTT,3
9581-GVBXT,0
5862-BRIXZ,2
5404-GGUKR,2
3308-JSGML,0
2126-GSEGL,1
3677-TNKIO,2
0440-QEXBZ,2
2434-EEVDB,2
6762-QVYJO,2
6199-IWKGC,3
2675-DHUTR,3
8152-VETUR,1
9667-EQRXU,0
7446-YPODE,2
9522-BNTHX,0
4676-WLUHT,2
3329-WDIOK,0
7980-MHFLQ,0
2873-ZLIWT,0
3415-TAILE,0
0757-WCUUZ,3
1629-DQQVB,0
1915-IOFGU,2
3045-XETSH,0
0374-AACSZ,2
7239-HZZCX,0
4872-VXRIL,2
9140-CZQZZ,3
3423-HHXAO,0
9938-TKDGL,3
0531-ZZJWQ,3
6537-QLGEX,0
2688-BHGOG,3
7683-CBDKJ,2
0946-CLJTI,0
3160-TYXLT,3
1325-USMEC,2
0916-QOFDP,2
0628-CNQRM,2
5606-AMZBO,0
6199-IPCAO,0
7665-TOALD,0
0112-QWPNC,0
0324-BRPCJ,2
2777-PHDEI,0
5640-CAXOA,2
2235-EZAIK,0
3847-BAERP,0
1196-AMORA,0
4282-YMKNA,2
1453-RZFON,0
8263-OKETD,3
0670-KDOMA,0
2476-YGEFM,2
8687-BAFGU,3
0641-EVBOJ,2
0829-XXPLX,3
9974-JFBHQ,3
5356-RHIPP,0
6624-JDRDS,0
0608-JDVEC,0
9780-FKVVF,0
1919-RTPQD,2
5214-NLTIT,2
3345-PBBFH,2
5055-BRMNE,1
9189-JWSHV,0
2190-PHBHR,3
2650-GYRYL,2
0746-JTRFU,0
5208-FVQKB,3
7184-LRUUR,2
6627-CFOSN,2
3982-JGSFD,0
1574-DYCWE,0
7247-XOZPB,2
2466-FCCPT,0
6211-WWLTF,1
4826-TZEVA,3
6016-NXBNJ,0
9138-EFSMO,3
0576-WNXXC,3
4632-XJMEX,2
8910-LEDAG,2
3452-GWUIN,2
2716-GFZOR,2
3724-UCSHY,0
8626-XHBIE,0
4628-CTTLA,0
3192-LNKRK,3
4439-YRNVD,2
2876-VBBBL,0
6834-NXDCA,0
2208-UGTGR,1
3005-TYFRD,3
8670-MEFCP,3
3079-BCHLN,0
7777-UNYHB,0
5597-GLBUC,2
7278-CKDNC,2
2748-MYRVK,0
8450-UYIBU,0
2969-VAPYH,2
4822-YCXMX,0
7181-OQCUT,1
8474-UMLNT,3
9821-POOTN,0
3836-FZSDJ,0
9142-XMYJH,0
6559-ILWKJ,0
0187-QSXOE,2
7733-UDMTP,2
2649-HWLYB,3
5214-CHIWJ,0
4229-CZMLL,2
6904-JLBGY,3
2465-BLLEU,0
1685-VAYJF,2
8874-EJNSR,2
6917-YACBP,3
5049-MUBWG,3
4223-WOZCM,0
0769-MURVM,3
9253-VIFJQ,2
7030-FZTFM,3
9741-YLNTD,2
5917-RYRMG,0
5120-ZBLAI,3
1194-BHJYC,2
3663-MITLP,0
0906-QVPMS,1
9025-ZRPVR,0
1905-OEILC,0
7858-GTZSP,0
3285-UCQVC,0
6248-BSHKG,0
4685-TFLLS,0
3470-BTGQO,2
1209-VFFOC,2
8224-DWCKX,3
5482-PLVPE,0
4553-DVPZG,2
4902-OHLSK,0
6917-IAYHD,0
0495-ZBNGW,0
8620-RJPZN,0
7572-KPVKK,2
2642-MAWLJ,0
2357-COQEK,0
7103-ZGVNT,0
3737-GCSPV,2
2027-WKXMW,2
7137-NAXML,0
2428-ZMCTB,0
2961-VNFKL,0
1768-HNVGJ,3
6963-KQYQB,0
5934-RMPOV,2
1207-BLKSA,0
4088-YLDSU,0
8316-BBQAY,2
1166-PQLGG,0
3146-JTQHR,0
4291-YZODP,0
4395-PZMSN,0
6427-FEFIG,0
0017-IUDMW,0
8706-HRADD,0
9955-QOPOY,0
4385-ZKVNW,0
5446-DKWYW,3
2034-CGRHZ,1
5797-APWZC,2
3683-QKIUE,0
4228-ZGYUW,2
9031-ZVQPT,3
2990-IAJSV,3
8107-KNCIM,3
9027-YFHQJ,0
5176-LDKUH,3
4644-OBGFZ,0
7926-IJOOU,0
6480-YAGIY,1
4029-HPFVY,2
7602-DBTOU,0
5345-BMKWB,0
3519-ZKXGG,0
5457-COLHT,2
6416-TVAIH,0
5451-YHYPW,3
5108-ADXWO,0
7998-WNZEM,2
3066-RRJIO,0
4664-NJCMS,2
0307-BCOPK,0
7629-WFGLW,3
2542-HYGIQ,0
6715-OFDBP,0
5016-LIPDW,0
6481-LXPWL,0
1567-DSCIC,2
2150-UWTFY,0
6124-ACRHJ,0
9362-MWODR,2
9975-GPKZU,0
9625-RZFUK,0
5153-LXKDT,3
5161-UBZXI,1
1020-JPQOW,3
7919-ZODZZ,2
0565-JUPYD,1
6867-ACCZI,0
5939-XAIXZ,3
9054-FOWNV,2
2683-BPJSO,0
2157-MXBJS,0
8207-VVMYB,0
9732-EQMWY,2
9360-AHGNL,0
1087-UDSIH,0
5269-NRGDP,3
6195-MELTI,3
5485-WUYWF,0
2121-JAFOM,3
8818-DOPVL,1
2632-UCGVD,2
5445-PZWGX,3
1227-UDMZR,3
5198-HQAEN,3
9170-CCKOU,0
2167-FQSTQ,3
2819-GWENI,0
1043-YCUTE,0
3814-MLAXC,2
3572-UUHRS,0
2692-PFYTJ,0
1226-UDFZR,2
5955-EPOAZ,0
6821-JPCDC,3
8815-LMFLX,0
9135-HSWOC,0
8582-KRHPJ,2
5811-IWXYM,2
7044-YAACC,2
8189-XRIKE,3
1506-YJTYT,3
4123-DVHPH,1
6425-YQLLO,2
5442-UTCVD,0
2228-BZDEE,0
7734-DBOAI,0
2789-CZANW,3
2091-RFFBA,0
2114-MGINA,0
7596-LDUXP,3
3740-RLMVT,3
4489-SNOJF,0
2192-OZITF,2
5651-CPDND,3
2186-QZEYA,2
1131-ALZWV,2
7729-XBTWX,0
9134-WYRVP,2
3284-SVCRO,2
9732-OUYRN,0
0559-CKHUS,0
2931-SVLTV,1
6899-PPEEA,0
7504-UWHNB,2
2582-FFFZR,0
8908-NMQTX,3
2187-LZGPL,0
1431-AIDJQ,3
6288-LBEAR,1
4597-NUCQV,2
9019-QVLZD,0
8413-YNHNV,2
5808-TOTXO,0
4369-NYSCF,3
6333-YDVLT,2
5324-KTGCG,0
5599-HVLTW,1
7394-LWLYN,2
3707-LRWZD,0
6873-UDNLD,2
2700-LUEVA,0
1455-ESIQH,3
0958-YHXGP,0
1101-SSWAG,2
2979-SXESE,1
4013-TLDHQ,0
5743-KHMNA,2
4194-FJARJ,2
5325-UWTWJ,2
3969-GYXEL,3
9208-OLGAQ,2
3244-CQPHU,3
2674-MLXMN,1
9708-HPXWZ,0
6992-TKNYO,0
4468-YDOVK,2
3754-DXMRT,2
5792-JALQC,2
7130-VTEWQ,0
2200-DSAAL,0
4302-ZYFEL,0
9351-LZYGF,2
4366-CTOUZ,3
6121-VZNQB,0
7903-CMPEY,0
1518-OMDIK,2
6671-NGWON,0
0595-ITUDF,3
6996-KNSML,3
1955-IBMMB,0
0096-BXERS,0
3806-YAZOV,0
7998-ZLXWN,0
6253-WRFHY,2
9133-AYJZG,1
2675-OTVVJ,2
8680-CGLTP,0
8430-TWCBX,0
5018-GWURO,3
6741-QRLUP,0
4737-HOBAX,3
0537-QYZZN,2
3340-QBBFM,2
1704-NRWYE,0
2592-SEIFQ,0
8200-KLNYW,2
3372-CDXFJ,0
4781-ZXYGU,0
7632-YUTXB,0
2718-YSKCS,0
9896-UYMIE,3
0853-NWIFK,1
8212-CRQXP,3
6980-CDGFC,0
7691-XVTZH,3
2520-SGTTA,0
7481-ATQQS,2
2277-VWCNI,2
1088-CNNKB,2
8642-GVWRF,0
1930-BZLHI,0
3400-ESFUW,0
5868-YTYKS,2
3525-DVKFN,0
1482-OXZSY,3
0377-JBKKT,0
5778-BVOFB,2
3373-YZZYM,0
2057-ZBLPD,2
0228-MAUWC,0
5502-RLUYV,2
0023-HGHWL,0
7663-YJHSN,3
4915-BFSXL,3
3086-RUCRN,3
5215-LNLDJ,0
7576-JMYWV,2
9039-RBEEE,0
0257-KXZGU,2
1307-ATKGB,2
8417-FMLZI,2
3714-XPXBW,3
1850-AKQEP,0
2824-DXNKN,2
5227-JSCFE,0
0848-ZGQIJ,0
3621-CHYVB,2
8042-RNLKO,0
1792-UXAFY,0
5372-FBKBN,0
0420-TXVSG,0
6217-TOWGS,2
0515-YPMCW,0
0378-XSZPU,2
1045-LTCYT,0
1544-JJMYL,3
4636-JGAAI,2
6874-SGLHU,2
5951-AOFIH,3
4729-XKASR,0
3059-NGMXB,3
8652-YHIYU,0
5278-PNYOX,2
5449-FIBXJ,0
3486-HOOGQ,0
5061-PBXFW,2
8630-FJLIB,2
3891-NLXJB,0
4749-OJKQU,3
0577-WHMEV,1
5453-AXEPF,2
3639-XJHKQ,2
3716-LRGXK,2
2263-SFSQZ,2
9950-MTGYX,0
3397-AVTKU,0
4825-FUREZ,2
9837-BMCLM,0
2672-OJQZP,2
0137-UDEUO,0
3134-DSHVC,3
6161-UUUTA,0
7821-DPRQE,2
6543-XRMYR,3
2001-EWBQU,2
4925-LMHOK,0
1608-GMEWB,2
6695-AMZUF,1
1455-UGQVH,2
8410-BGQXN,0
8280-MQRQN,0
1619-YWUBB,0
7611-YKYTC,3
2037-SGXHH,3
3178-FESZO,0
0365-GXEZS,3
0082-OQIQY,3
6087-MVHJH,2
4603-JANFB,0
3018-TFTSU,2
3606-SBKRY,2
4806-KEXQR,0
0667-NSRGI,2
7083-YNSKY,0
6893-ODYYE,2
8242-JSVBO,3
2479-BRAMR,0
9541-ZPSEA,3
2665-NPTGL,1
1139-WUOAH,3
4693-VWVBO,0
7434-SHXLS,0
6937-GCDGQ,2
0988-JRWWP,2
5075-JSDKI,2
7908-QCBCA,0
8644-XYTSV,2
6711-FLDFB,0
3873-WOSBC,0
7465-ZZRVX,3
7975-JMZNT,3
7251-XFOIL,3
4116-IQRFR,2
3714-JTVOV,3
8259-DZLIZ,3
0442-ZXKVS,1
7853-WNZSY,0
3120-FAZKD,0
8606-OEGQZ,2
0225-ZORZP,3
4702-IOQDC,0
9489-JMTTN,3
0575-CUQOV,2
0967-BMLBD,0
6178-KFNHS,2
2830-LEWOA,2
5006-MXVRN,0
1264-BYWMS,2
9658-WYUFB,0
8327-WKMIE,0
6917-FIJHC,0
5329-KRDTM,2
7797-EJMDP,3
3530-VWVGU,0
2013-SGDXK,0
6368-NWMCE,2
3633-CDBUW,2
0707-HOVVN,3
8580-QVLOC,0
3956-MGXOG,2
9274-UARKJ,3
4077-HWUYD,2
2012-NWRPA,2
8808-ELEHO,0
0103-CSITQ,3
3506-LCJDC,0
8671-KKKOS,0
7305-ZWMAJ,2
9518-XXBXE,3
3934-HXCFZ,0
6578-KRMAW,2
4860-IJUDE,3
7666-WKRON,0
9688-YGXVR,1
0423-UDIJQ,3
1945-XISKS,0
4910-AQFFX,0
2154-KVJFF,2
5360-LJCNJ,1
2607-FBDFF,2
9647-ERGBE,2
3428-XZMAZ,0
1100-DDVRV,0
0378-TOVMS,0
4355-HBJHH,0
6728-WYQBC,0
9058-CBREO,2
9029-FEGVJ,3
7216-KAOID,0
0318-QUUOB,0
6145-NNPNO,0
5520-FVEWJ,0
5339-TJFEK,1
5572-ZDXHY,2
2074-GUHPQ,3
4625-XMOYM,0
5827-MWCZK,1
1385-TQOZW,0
5914-XRFQB,3
4329-YPDDQ,3
4804-NCPET,0
3750-CKVKH,0
5944-UGLLK,0
8063-GBATB,2
7787-BNTZM,0
2252-ISRNH,2
9415-TPKRV,0
5322-TEUJK,1
4547-KQRTM,0
4877-EVATK,0
1866-DIOQZ,3
8375-KVTHK,3
2697-NQBPF,1
3709-OIJEA,2
7639-SUPCW,0
1386-ZIKUV,0
0599-XNYDO,2
6377-WHAOX,2
6855-VLGOS,0
8999-XXGNS,2
8746-OQQRW,0
3181-MIZBN,0
0471-ARVMX,1
7766-CLTIC,3
5650-YLIBA,3
0825-CPPQH,0
9084-OAYKL,0
6122-LJADA,3
2400-XIWIO,0
7524-VRLPL,2
1069-XAIEM,0
7569-NMZYQ,3
5201-USSQZ,3
2105-PHWON,3
1494-EJZDW,0
4884-TVUQF,2
8003-EWNDZ,0
1897-RCFUM,0
9256-JTBNZ,0
4658-HCOHW,2
2211-RMNHO,1
2432-TFSMK,2
3440-JPSCL,2
4929-ROART,3
1834-ABKHQ,2
1741-WTPON,0
3932-IJWDZ,3
1240-HCBOH,0
3594-KADLU,0
8065-BVEPF,1
3796-ENZGF,3
1734-ZMNTZ,0
2853-CWQFQ,3
0813-TAXXS,1
2519-TWKFS,2
2889-FPWRM,1
0626-QXNGV,0
6723-CEGQI,2
6987-XQSJT,0
4732-RRJZC,0
9499-XPZXM,0
4338-EYCER,2
3007-FDPEA,0
6350-XFYGW,2
4290-BSXUX,2
8513-OLYGY,1
0311-QYWSS,2
8705-DWKTI,1
8755-IWJHN,2
0325-XBFAC,3
4480-QQRHC,2
0929-PECLO,2
3680-CTHUH,3
1202-KKGFU,2
6112-KTHFQ,0
1852-XEMDW,2
2462-XIIJB,0
4760-XOHVN,0
1820-DJFPH,0
9426-SXNHE,0
9068-FHQHD,0
1269-FOYWN,0
9470-YFUYI,3
7817-BOQPW,0
7402-EYFXX,0
1853-UDXBW,0
9895-VFOXH,2
5458-CQJTA,2
1230-QAJDW,3
5701-ZIKJE,0
5219-YIPTK,2
5032-MIYKT,2
7396-VJUZB,3
9717-QEBGU,3
5172-RKOCB,1
6509-TSGWN,2
3540-RZJYU,0
3178-CIFOT,0
2091-MJTFX,0
4530-NDRKU,2
5985-TBABQ,1
9800-ONTFE,3
6743-HHQPF,0
8455-HIRAQ,2
6616-AALSR,3
0883-EIBTI,0
9415-ZNBSX,3
4018-KJYUY,0
0722-TROQR,0
7571-YXDAD,0
3884-UEBXB,2
8780-RSYYU,0
5537-UXXVS,0
1791-PQHBB,3
8701-DGLVH,0
8741-LQOBK,0
3393-FMZPV,3
8082-GHXOP,0
6402-ZFPPI,1
0980-FEXWF,2
7486-KSRVI,0
3011-WQKSZ,0
8443-WVPSS,2
3006-XIMLN,2
8218-FFJDS,3
1986-PHGZF,0
9965-YOKZB,2
0504-HHAPI,2
9360-OMDZZ,1
6305-YLBMM,2
0345-XMMUG,3
8024-XNAFQ,3
3647-GMGDH,2
2988-GBIVW,2
2832-SCUCO,0
7036-ZZKBD,3
3791-LGQCY,2
0265-PSUAE,3
0463-TXOAK,0
0594-UFTUL,0
9509-MPYOD,0
9128-CPXKI,3
0129-KPTWJ,1
8166-ZZTFS,0
5855-EIBDE,3
5365-LLFYV,2
5956-YHHRX,3
6008-NAIXK,2
2956-GGUCQ,0
1928-BXYIV,3
5760-FXFVO,3
6595-COKXZ,0
0961-ZWLVI,1
5181-OABFK,0
4007-NHVHI,3
7816-VGHTO,2
5871-DGTXZ,0
7550-WIQVA,0
7544-ZVIKX,3
0016-QLJIS,2
7508-DQAKK,1
5176-OLSKT,2
9356-AXGMP,3
3556-BVQGL,0
0362-ZBZWJ,0
8979-CAMGB,3
4211-MMAZN,0
7581-EBBOU,2
4274-OWWYO,0
5073-RZGBK,3
1541-ETJZO,0
2192-CKRLV,2
3154-HMWUU,0
6119-SPUDB,2
6522-OIQSX,2
7813-ZGGAW,3
8748-HFWBO,0
1052-QJIBV,0
1319-YLZJG,3
4106-HADHQ,2
0723-FDLAY,2
3050-RLLXC,3
9298-WGMRW,3
2369-UAPKZ,0
3088-LHEFH,3
2778-OCLGR,0
6583-KQJLK,1
8544-JNBOX,0
6681-ZSEXG,2
6139-ZZRBQ,2
6116-RFVHN,2
0637-KVDLV,0
8884-FEEWR,0
3125-RAHBV,0
6633-MPWBS,0
0373-AIVNJ,2
8785-EPNCG,0
1682-VCOIO,0
5729-KLZAR,0
2072-ZVJJX,0
8849-AYPTR,2
9518-IMLHK,2
1582-RAFML,0
3646-ITDGM,0
8740-CRYFY,0
3569-VLDHH,3
8224-KDLKN,0
7594-LZNWR,3
4001-TSBTV,3
2962-XPMCQ,0
8727-XDPUD,3
1043-UXOVO,3
1064-FBXNK,0
3996-ZNWYK,0
2878-DHMIN,0
7762-ONLJY,0
1678-FYZOW,0
5795-BKOYE,2
8627-EHGIP,2
7402-PWYJJ,2
5480-TBGPH,2
0018-NYROU,3
7501-VTYLJ,2
7608-RGIRO,0
0480-BIXDE,2
5895-QSXOD,2
9814-AOUDH,0
6175-IRFIT,1
8760-ZRHKE,2
1622-HSHSF,0
8854-CCVSQ,0
6749-UTDVX,1
5542-DHSXL,0
9102-OXKFY,0
0511-JTEOY,0
5216-WASFJ,3
7808-DVWEP,0
7067-KSAZT,0
2284-VFLKH,3
0366-NQSHS,0
6532-YLWSI,0
3807-BPOMJ,1
3892-NXAZG,1
4948-WBBKL,2
4182-BGSIQ,0
9300-AGZNL,0
0988-AADSA,3
9972-NKTFD,2
3717-LNXKW,2
5734-EJKXG,3
2207-RYYRL,0
6729-FZWSY,0
9695-IDRZR,2
8144-DGHXP,0
7814-LEEVE,0
1112-CUNAO,0
5175-AOBHI,0
5174-RNGBH,2
8631-WUXGY,1
7270-BDIOA,0
9565-JSNFM,0
5906-DVAPM,3
6654-QGBZZ,0
8348-JLBUG,1
0607-DAAHE,0
5641-DMBFJ,0
9200-NLNPD,0
2664-XJZNO,3
9732-KPKBW,0
3339-EAQNV,3
0921-OHLVP,1
3389-YGYAI,2
9560-ARGQJ,0
8350-NYMVI,2
1600-DILPE,0
0536-ESJEP,3
4654-GGUII,2
6478-HRRCZ,2
8510-BBWMU,0
6857-TKDJV,0
2360-RDGRO,1
0584-BJQGZ,2
5134-IKDAY,0
1360-XFJMR,3
3070-DVEYC,0
5730-RIITO,2
9058-MJLZC,2
5707-ORNDZ,0
0902-XKXPN,0
5177-RVZNU,0
0056-EPFBG,2
8993-IZEUX,0
8696-JKZNU,0
5380-AFSSK,2
8190-ZTQFB,2
0931-MHTEM,2
2055-PDADH,0
7515-LODFU,0
0440-UEDAI,3
1337-BOZWO,2
0868-VJRDR,3
8714-EUHJO,0
6344-SFJVH,2
3950-VPYJB,2
8041-TMEID,3
7321-ZNSLA,0
6941-KXRRV,3
3721-CNEYS,2
8727-JQFHV,0
9475-NNDGC,2
1355-KUSBG,3
3688-FTHLT,2
0899-LIIBW,3
2568-OIADY,0
1384-RCUXW,2
5825-XJOCM,0
6848-YLDFR,2
8125-QPFJD,3
2320-YKQBO,0
1193-RTSLK,0
2302-ANTDP,2
5923-GXUOC,0
4973-RLZVI,3
7869-ZYDST,3
4501-UYKBC,3
1215-EXRMO,0
2305-MRGLV,0
8404-VIOMB,0
5233-GEEAX,0
2359-KLTEK,1
5304-EFJLP,3
2673-ZALNP,0
9184-GALIL,0
4393-RYCRE,0
9746-MDMBK,1
3162-ZJZFU,3
8404-GFGCZ,3
8875-AKBYH,2
4432-ADRLB,0
0533-UCAAU,2
1394-SUIUH,1
3521-MNKLV,0
2533-TIBIX,0
8993-PHFWD,0
1565-RHDJD,2
7137-RYLPP,0
3765-JXVKY,0
5092-STPKP,3
7330-WZLNC,2
0114-PEGZZ,1
3359-DSRKA,0
8639-NHQEI,3
7161-DFHUF,0
3957-LXOLK,2
3720-DBRWL,3
6635-MYYYZ,0
8565-WUXZU,1
5281-BUZGT,2
4994-OBRSZ,2
0562-FGDCR,2
2436-QBZFP,0
3420-YJLQT,2
6040-CGACY,0
6582-PLFUU,0
8242-PDSGJ,0
0264-CNITK,0
0089-IIQKO,3
7839-NUIAA,0
6075-QMNRR,2
5378-IKEEG,0
5966-EMAZU,1
0440-EKDCF,2
4774-HHGGS,0
2718-GAXQD,0
2055-BFOCC,2
8180-AKMJV,0
4298-OYIFC,1
5566-SOEZD,3
9842-EFSYY,3
2272-WUSPA,1
4584-LBNMK,0
3898-GUYTS,2
0930-EHUZA,2
6413-XKKPU,2
9975-SKRNR,0
3703-KBKZP,2
1449-XQEMT,0
2626-URJFX,0
4973-MGTON,1
3682-YEUWS,0
1223-UNPKS,0
2612-RRIDN,0
4735-ASGMA,2
3446-QDSZF,0
3669-LVWZB,0
6892-EZDTG,0
5117-IFGPS,1
7379-FNIUJ,3
1627-AFWVJ,0
9725-SCPZG,2
5884-GCYMI,2
3217-FZDMN,0
4486-EFAEB,0
0060-FUALY,3
7853-GVUDZ,0
7480-QNVZJ,0
6954-OOYZZ,2
7088-FBAWU,2
8313-AFGBW,3
3943-KDREE,2
9239-ZBZZV,0
3097-IDVPU,2
4398-HSCJH,2
2197-OMWGI,2
2303-PJYHN,0
9795-VOWON,0
1237-WIYYZ,0
1987-AUELQ,0
7852-LECYP,1
4430-UZIPO,0
4822-LPTYJ,3
8165-CBKXO,3
6527-PZFPV,2
4855-SNKMY,0
9593-CVZKR,0
8595-SIZNC,0
8008-HAWED,0
7124-UGSUR,3
1862-SKORY,2
5236-XMZJY,2
4827-DPADN,0
2694-CIUMO,3
5846-ABOBJ,0
1439-LCGVL,0
0909-SDHNU,0
4647-XXZAM,3
1502-XFCVR,2
7740-KKCXF,2
5360-XGYAZ,2
9692-TUSXH,2
7912-SYRQT,0
3557-HTYWR,3
4816-JBHOV,0
8920-NAVAY,3
1699-TLDLZ,0
5600-PDUJF,2
8292-TYSPY,0
0567-XRHCU,2
1867-BDVFH,2
2067-QYTCF,3
2359-QWQUL,2
9103-TCIHJ,2
7407-SUJIZ,0
9150-KPBJQ,0
0052-DCKON,3
3654-ARMGP,3
9699-UBQFS,3
9367-TCUYN,0
1261-FWTTE,0
3528-HFRIQ,3
0708-SJDIS,0
4140-WJAWW,0
2073-QBVBI,2
6928-ONTRW,0
3320-VEOYC,3
5231-FIQPA,0
6617-WLBQC,2
2599-CIPQE,3
6653-CBBOM,2
8774-GSBUN,2
7326-RIGQZ,3
1401-FTHFQ,0
3247-ZVOUO,0
0254-FNMCI,3
1848-LBZHY,2
6101-IMRMM,0
8118-TJAFG,2
5429-LWCMV,3
7298-IZWLY,0
9758-MFWGD,2
3955-JBZZM,3
1268-ASBGA,2
8943-URTMR,2
4815-TUMEQ,0
4713-LZDRV,0
9909-IDLEK,3
4092-OFQZS,0
1561-BWHIN,0
4325-NFSKC,2
9927-DSWDF,0
9500-LTVBP,1
7252-NTGSS,2
8149-AIQCG,2
1360-JYXKQ,0
2955-PSXOE,0
7762-URZQH,2
0899-WZRSD,1
3255-GRXMG,2
4828-FAZPK,1
6094-ZIVKX,2
6925-BAYGL,0
3262-EIDHV,2
7354-OIJLX,0
1376-HHBDV,3
6907-NZZIJ,0
6133-OZILE,0
4135-FRWKJ,3
2911-UREFD,3
3744-ZRRDZ,0
5673-TIYIB,2
6551-ZCOTS,0
7191-ADRGF,2
5018-LXQQG,2
6892-BOGQE,0
1602-IJQQE,0
4628-WQCQQ,0
1746-TGTWV,0
5995-SNNEW,3
8050-WYBND,2
2821-WARNZ,0
4879-GZLFH,2
1644-IRKSF,2
8314-HTWVE,0
9402-ROUMJ,3
2507-QZPQS,3
7159-NOKYQ,3
5707-ZMDJP,2
8779-YIQQA,0
7136-IHZJA,3
8966-OIQHG,0
7074-STDCN,2
3705-PSNGL,0
8739-QOTTN,0
1399-OUPJN,0
0277-BKSQP,2
6502-HCJTI,0
2606-RMDHZ,0
5774-XZTQC,0
2676-SSLTO,1
6266-QHOJZ,2
7269-JISCY,2
0363-SVHYR,3
8547-NSBBO,3
8258-GSTJK,0
6861-OKBCE,0
9940-RHLFB,0
6591-QGOYB,1
9070-BCKQP,1
6421-SZVEM,2
1328-EUZHC,0
2995-UPRYS,0
8878-RYUKI,0
9633-DENPU,2
7811-JIVPF,0
7113-HIPFI,3
8541-QVFKM,2
6686-YPGHK,0
1383-EZRWL,0
9258-CNWAC,3
5371-VYLSX,2
6374-AFWOX,3
4759-TRPLW,0
5317-FLPJF,2
7621-VPNET,2
6034-YMTOB,0
8563-IIOXK,0
4903-CNOZC,2
4353-HYOJD,2
8020-BWHYL,0
7267-FRMJW,0
2982-VPSGI,0
4188-FRABG,3
8199-ZLLSA,2
4128-ETESU,3
0620-DLSLK,3
4625-EWPTF,0
5980-NOPLP,3
3850-OKINF,2
6892-XPFPU,2
8010-EZLOU,0
1156-ZFYDO,0
3295-YVUSR,2
8016-NCFVO,1
4119-ZYPZY,2
5549-ZGHFB,0
7577-SWIFR,0
0303-WMMRN,0
6408-OTUBZ,1
5204-HMGYF,3
1078-TDCRN,2
3727-OVPRY,2
3797-FKOGQ,3
7622-NXQZR,0
6196-HBOBZ,1
3970-XGJDU,0
7017-VFULY,0
5562-YJQGT,0
8807-OPMBM,0
5439-WIKXB,2
9874-QLCLH,2
8294-UIMBA,3
8109-YUOHE,2
5840-NVDCG,2
8092-NLTGF,0
5928-QLDHB,3
9840-EFJQB,2
0696-UKTOX,2
4801-KFYKL,0
3472-OAOOR,0
6135-OZQVA,2
8062-YBDOE,0
2252-JHJGE,3
4188-PCPIG,3
6000-APYLU,0
7105-BENQF,3
7721-DVEKZ,0
3566-VVORZ,0
9507-HSMMZ,2
2480-SQIOB,0
0947-IDHRQ,0
7813-TKCVO,0
0128-MKWSG,0
3672-YITQD,2
4350-ZTLPI,1
9048-JVYVF,0
0361-HJRDX,2
5727-MYATE,2
3823-KYNQY,0
8988-ECPJR,0
7570-WELNY,0
3021-VLNRJ,0
3776-EKTKM,0
2080-CAZNM,1
1028-FFNJK,3
6907-FLBER,3
3001-UNBTL,1
5982-PSMKW,1
3507-GASNP,0
7096-ZNBZI,0
1902-XBTFB,0
1676-MQAOA,2
0786-IVLAW,3
7566-DSRLQ,3
0643-OKLRP,0
7245-JMTTQ,3
6050-IJRHS,1
6202-JVYEU,0
8591-TKMZH,3
0734-OXWBT,2
4282-ACRXS,2
0365-TRTPY,2
7349-ALMUX,2
9381-NDKME,0
6502-KUGLL,2
1841-YSJGV,3
2794-XIMMO,2
8382-SHQEH,0
3511-BFTJW,0
7668-XCFYV,3
2983-ZANRP,0
7845-URHJN,0
3034-ZBEQN,0
5018-HEKFO,0
2923-ARZLG,0
3976-NLDEZ,0
2282-YGNOR,2
5336-UFNZP,3
6854-EXGSF,2
1241-EZFMJ,2
9233-PSYHO,1
5376-PCKNB,2
8044-BGWPI,0
4060-LDNLU,2
3589-PPVKW,0
8327-LZKAS,0
5887-IKKYO,3
1075-BGWOH,0
1755-RMCXH,0
0302-JOIVN,2
3858-XHYJO,3
4299-SIMNS,0
7025-IWFHT,2
6261-LHRTG,2
7841-FCRQD,0
2056-EVGZL,2
8777-MBMTS,2
7753-USQYQ,2
5366-IJEQJ,2
7661-CPURM,0
6233-HXJMX,2
5902-WBLSE,2
1981-INRFU,3
4971-PUYQO,2
3239-TPHPZ,0
5115-GZDEL,0
3338-CVVEH,3
8485-GJCDN,0
2615-YVMYX,3
2851-STERV,2
4393-GEADV,3
8486-AYEQH,3
1527-SXDPN,0
6029-WTIPC,0
8634-CILSZ,0
5419-JKZNQ,2
2495-KZNFB,3
1409-PHXTF,2
4560-WQAQW,3
9591-YVTEB,2
9309-BZGNT,0
4274-DRSQT,3
2027-DNKIV,2
8075-GXIUB,0
2885-HIJDH,3
5424-RLQLC,2
6682-QJDGB,0
6507-DTJZV,2
8780-IXSTS,0
7673-BQGKU,0
6723-WSNTY,3
9530-EHPOH,0
2725-IWWBA,0
0345-HKJVM,0
1061-PNTHC,3
0394-YONDK,2
6574-MCOEH,1
7399-QHBJS,1
3049-SOLAY,0
0997-YTLNY,0
3317-HRTNN,0
9479-HYNYL,3
3235-ETOOB,0
9708-KFDBY,0
8058-INTPH,0
3642-GKTCT,3
0774-RMNUW,0
1334-PDUKM,3
0756-MPZRL,0
2242-MFOTG,2
2927-CVULT,1
2144-BFDSO,2
8745-PVESG,2
7647-GYYKX,2
5647-FXOTP,1
5569-OUICF,2
8821-XNHVZ,2
2082-OJVTK,0
9700-ISPUP,3
9839-ETQOE,2
6078-VESFR,0
9027-TMATR,1
5940-NFXKV,2
1941-HOSAM,1
9110-HSGTV,3
0704-VCUMB,0
6171-ZTVYB,0
8053-WWDRO,0
9564-KCLHR,0
1935-IMVBB,3
2535-PBCGC,3
2082-CEFLT,0
1470-PSXNM,2
1213-NGCUN,0
2498-XLDZR,2
9866-OCCKE,1
5338-YHWYT,2
7718-UPSKJ,2
8731-WBBMB,2
1448-CYWKC,1
7901-IIDQV,3
2690-DVRVK,2
5688-KZTSN,0
1270-XKUCC,0
0334-ZFJSR,2
2894-QOJRX,0
5747-PMBSQ,0
5583-EJXRD,0
4565-EVZMJ,2
3143-JQEGI,0
6386-SZZKH,3
3327-YBAKM,2
9441-QHEVC,0
6705-LNMDD,2
2580-ASVVY,2
3370-GQEAL,3
5032-USPKF,2
2982-IHMFT,0
3521-SYVOR,2
4254-QPEDE,3
6283-GITPX,3
9526-JAWYF,0
0771-CHWSK,3
9788-HNGUT,1
9495-REDIY,2
5375-XLDOF,1
1172-VIYBP,0
5649-VUKMC,2
6559-PDZLR,1
8992-OBVDG,1
4273-MBHYA,3
4724-WXVWF,2
5701-GUXDC,0
1460-UZPRJ,0
6082-GLJIX,0
5143-EGQFK,0
4919-IKATY,2
2495-TTHBQ,0
0485-ZBSLN,0
3810-PJUHR,0
9050-QLROH,2
0847-HGRML,0
8232-CTLKO,2
9227-YBAXE,2
6168-WFVVF,0
9860-LISIZ,0
0112-QAWRZ,1
0877-SDMBN,2
2786-GCDPI,1
4043-MKDTV,1
8065-YKXKD,0
9637-EIHEQ,0
9229-RQABD,0
8313-KTIHG,2
5320-BRKGK,3
6284-KMNUF,2
9689-PTNPG,3
9465-RWMXL,0
6229-UOLQL,3
2362-IBOOY,2
3137-LUPIX,2
0843-WTBXE,2
6143-JQKEA,0
8676-OOQEJ,0
5515-IDEJJ,0
9701-CDXHR,3
7450-NWRTR,2
8124-NZVGJ,2
2162-FRZAA,0
5376-DEQCP,0
5118-MUEYH,3
9095-HFAFX,2
5627-TVBPP,0
2379-ENZGV,0
3936-QQFLL,0
2589-AYCRP,2
4067-HLYQI,2
5124-EOGYE,0
5057-RKGLH,0
0292-WEGCH,2
8910-ICHIU,3
4097-YODCF,2
9715-WZCLW,2
9786-YWNHU,2
6407-GSJNL,2
6005-OBZPH,2
4049-ZPALD,1
7932-WPTDS,0
3733-UOCWF,3
6833-JMZYP,2
2722-VOJQL,2
1310-QRITU,2
8961-QDZZJ,2
9715-SBVSU,2
8490-BXHEO,3
7173-TETGO,3
7929-SKFGK,1
2300-RQGOI,0
3563-SVYLG,2
5228-EXCET,2
6435-VWCCY,1
4998-IKFSE,1
8630-QSGXK,2
2455-USLMV,1
7394-FKDNK,0
9488-FVZCC,2
6331-LWDTQ,0
5995-WWKKG,0
1597-FZREH,2
7879-CGSFV,3
9921-EZKBY,3
7432-FFVAR,1
7246-ZGQDF,2
7000-WCEVQ,0
0727-IWKVK,0
5959-BELXA,2
4456-RHSNB,0
3512-IZIKN,0
2481-SBOYW,0
7109-MFBYV,0
1833-TCXKK,1
1832-PEUTS,3
6141-OOXUQ,0
8660-BUETV,2
0580-PIQHM,3
5696-CEIQJ,3
7503-ZGUZJ,2
1696-HXOWK,2
3026-ATZYV,2
4012-YCFAI,0
2506-TNFCO,0
9970-QBCDA,0
8718-PTMEZ,0
9496-IVVRP,2
2207-OBZNX,0
2657-VPXTA,1
6551-VLJMV,0
1221-GHZEP,3
9289-LBQVU,2
6142-VSJQO,0
3458-IDMFK,0
6933-FHBZC,1
0221-NAUXK,0
9770-KXGQU,2
6437-UKHMV,2
6538-POCHL,2
6726-NNFWD,3
3002-WQZWT,1
4277-UDIEF,3
1208-NBVFH,2
4912-PIGUY,0
1114-CENIM,0
6060-DRTNL,2
2725-TTRIQ,3
3374-TTZTK,3
8990-ZXLSU,3
2275-RBYQS,2
8473-VUVJN,2
6289-CPNLD,2
5536-SLHPM,2
4419-UJMUS,3
7794-JASDG,2
7609-YBPXG,3
5519-TEEUH,0
7856-GANIL,3
0804-XBFBV,0
2676-OXPPQ,0
3703-TTEPD,0
2799-TSLAG,0
0196-VULGZ,0
8837-VVWLQ,0
2696-NARTR,2
2208-NKVVH,0
7614-QVWQL,0
1976-CFOCS,2
4631-OACRM,2
7139-JZFVG,2
4987-GQWPO,0
3755-JBMNH,0
1757-TCATG,0
6345-ULYRW,0
4776-XSKYQ,0
8048-DSDFQ,0
5753-QQWPW,3
6010-DDPPW,0
1809-DMJHQ,0
6693-FRIRW,1
6586-MYGKD,3
3173-NVMPX,1
0248-PGHBZ,1
0623-GDISB,2
2892-GESUL,0
6923-EFPNL,0
7472-EQOAV,2
9574-RKJIF,0
2043-WVTQJ,2
8034-RYTVV,2
3863-QSTYI,3
2619-WFQWU,2
5044-LRQAQ,3
1716-LSAMB,2
1333-PBMXB,0
6546-OPBBH,0
5985-BEHZK,2
9127-QRZMH,2
5919-VCZYM,0
9644-KVCNC,2
2137-DQMEV,0
8174-LNWMW,0
9279-CJEOJ,1
7964-VEXDG,3
2404-JIBFC,2
0778-NELLA,0
8029-XYPWT,2
4614-NUVZD,0
4632-PAOYU,0
3803-KMQFW,0
6804-GDMOI,0
2990-OGYTD,2
6646-JPPHA,3
9572-MTILT,2
7658-UYUQS,3
7880-XSOJX,0
9611-CTWIH,2
4589-IUAJB,0
0329-GTIAJ,2
8746-BFOAJ,0
8457-XIGKN,0
6072-NUQCB,0
6629-CZTTH,2
8838-GPHZP,0
8750-QWZAJ,0
5364-EVNIB,2
6918-UMQCG,3
0675-NCDYU,3
6339-DKLMK,0
1346-PJWTK,3
5088-QZLRL,0
8023-QHAIO,3
4397-FRLTA,0
3057-VJJQE,2
5087-SUURX,0
2302-OUZXB,0
8133-ANHHJ,3
2270-CHBFN,0
0013-EXCHZ,0
5982-FPVQN,3
9107-UKCKY,3
4654-ULTTN,3
5550-VFRLC,2
5546-BYZSM,0
1492-KGETH,2
4929-BSTRX,0
4163-HFTUK,0
8215-NGSPE,0
2225-ZRGSG,2
8859-YSTWS,0
5271-YNWVR,2
7601-DHFWZ,0
2657-ALMWY,0
6330-JKLPC,0
4667-OHGKG,0
1998-VHJHK,0
1707-HABPF,1
1660-HSOOQ,0
7253-UVNDW,2
0487-VVUVK,0
7228-OMTPN,0
5063-IUOKK,0
4508-OEBEY,1
0027-KWYKW,2
2308-STERM,0
5982-XMDEX,0
6284-AHOOQ,0
6051-PTVNS,0
2344-JMOGN,0
3799-ISUZQ,0
2877-VDUER,2
9152-AMKAK,3
1794-HBQTJ,0
9432-VOFYX,0
8049-WJCLQ,3
6586-PSJOX,2
2460-FPSYH,0
9705-ZJBCG,3
4818-DRBQT,0
1320-HTRDR,2
6847-KJLTS,2
9670-BPNXF,2
3913-FCUUW,1
3301-VKTGC,3
1493-AMTIE,0
9555-SAHUZ,2
0816-TSPHQ,0
9932-WBWIK,0
4619-EVPHY,2
5286-YHCVC,1
6424-ELEYH,0
4391-RESHN,0
9115-YQHGA,0
4462-CYWMH,3
8963-MQVYN,0
2458-EOMRE,2
9334-GWGOW,0
6821-BUXUX,2
5028-HTLJB,0
9801-GDWGV,2
6542-LWGXJ,0
5567-GZKQY,0
1222-LRYKO,0
2320-JRSDE,0
2087-QAREY,2
0601-WZHJF,0
4423-JWZJN,2
5143-WMWOG,0
6490-FGZAT,0
5393-RXQSZ,2
7452-FOLON,0
2320-TZRRH,0
0231-LXVAP,2
9444-JTXHZ,2
4942-VZZOM,3
5510-BOIUJ,0
7502-BNYGS,2
4291-HYEBC,0
6147-CBCRA,0
6047-SUHPR,2
4471-KXAUH,0
9752-ZNQUT,2
7638-QVMVY,3
1576-PFZIW,1
5666-MBJPT,0
7312-XSBAT,3
3096-GKWEB,3
2371-JQHZZ,2
0674-GCDXG,3
1121-QSIVB,2
4396-KLSEH,0
3244-DCJWY,0
2824-MYYBN,3
0875-CABNR,0
6345-HOVES,0
8318-LCNBW,2
6469-QJKZW,0
0147-ESWWR,1
1217-VASWC,0
7812-FZHPE,0
6370-ZVHDV,2
5915-DGNVC,3
6260-XLACS,0
3566-CAAYU,3
4983-CCWMC,3
9103-CXVOK,0
2896-TBNBE,2
4797-AXPXK,0
5229-PRWKT,2
6982-UQZLY,0
2522-WLNSF,2
3841-CONLJ,2
5057-LCOUI,0
0193-ESZXP,0
4475-NVTLU,0
4369-HTUIF,0
9386-LDCZR,3
9585-KKMFD,2
5399-ZIMKF,3
0336-KXKFK,3
5619-XZZKR,0
3948-FVVRP,2
5327-XOKKY,3
0983-TATYJ,0
1813-JYWTO,2
0156-FVPTA,0
1984-FCOWB,0
0654-HMSHN,2
6719-OXYBR,2
3312-ZWLGF,1
6476-YHMGA,3
5287-QWLKY,2
0795-XCCTE,2
0168-XZKBB,2
3785-NRHYR,0
5196-SGOAK,3
4537-DKTAL,2
7072-MBHEV,1
5602-BVFMK,0
6297-NOOPG,2
1891-UAWWU,0
8204-TIFGJ,0
8050-DVOJX,2
6108-OQZDQ,0
0363-QJVFX,2
8903-XEBGX,2
8169-SAEJD,2
9840-DVNDC,0
1089-XZWHH,0
2325-WINES,1
6064-ZATLR,2
3096-JRDSO,3
7824-PANSQ,2
8042-JVNFH,2
9648-BCHKM,0
2888-ADFAO,0
8707-HOEDG,3
3374-LXDEV,2
4072-IPYLT,2
7167-PCEYD,0
4936-YPJNK,0
1580-BMCMR,1
4817-KEQSP,0
6408-WHTEF,2
9251-AWQGT,0
8749-CLJXC,0
7989-VCQOH,2
5049-GLYVG,0
4199-QHJNM,3
8882-TLVRW,2
5883-GTGVD,0
5135-GRQJV,3
2384-OVPSA,0
1371-WEPDS,0
3580-GICBM,0
4817-QRJSX,2
9730-DRTMJ,2
4686-UXDML,3
3349-ANQNH,1
2398-YPMUR,0
0932-YIXYU,0
7480-SPLEF,0
7636-XUHWW,0
1431-CYWMH,0
5937-EORGB,3
6349-JDHQP,0
5539-HIVAK,0
5847-MXBEO,0
9985-MWVIX,0
4583-PARNH,2
1116-FRYVH,2
1421-HCERK,1
9633-XQABV,2
0716-BQNDX,1
1265-XTECC,2
1183-CANVH,2
1972-XMUWV,3
8679-LZBMD,2
3407-JMJQQ,3
6252-DFGTK,2
1539-LNKHM,0
8645-KOMJQ,0
0289-IVARM,2
9761-XUJWD,3
4057-FKCZK,2
4291-TPNFG,2
6087-YPWHO,3
3090-QFUVD,0
2237-ZFSMY,3
1722-LDZJS,0
1818-ESQMW,3
4871-JTKJF,2
1415-YFWLT,2
7401-RUBNK,2
0506-YLVKJ,0
8661-BOYNW,3
6711-VTNRE,2
4815-GBTCD,0
2805-AUFQN,0
0980-PVMRC,3
7233-DRTRF,2
3500-RMZLT,0
3873-NFTGI,2
1162-ECVII,3
7048-GXDAY,3
8571-ZCMCX,2
1169-WCVAK,0
4548-SDBKE,0
8066-POXGX,0
7129-CAKJW,2
8695-ARGXZ,1
3570-YUEKJ,3
4143-OOBWZ,2
1555-HAPSU,0
1697-NVVGY,2
7854-EKTJL,0
8464-EETCQ,0
2419-FSORS,3
8132-YPVBX,3
9102-IAYHT,0
6754-LZUKA,3
3422-LYEPQ,0
8099-MZPUJ,3
0787-LHDYT,0
2642-DTVCO,2
0374-IOEGQ,0
4361-JEIVL,0
3197-NNYNB,2
3396-DKDEL,2
1752-OZXFY,3
9066-QRSDU,0
9112-WSNPU,3
9867-NNXLC,0
5321-NTRKC,1
1363-TXLSL,0
9507-EXLTT,2
3161-GETRM,3
0402-OAMEN,0
6933-VLYFX,0
6754-WKSHP,0
9846-GKXAS,0
6017-PPLPX,0
4976-LNFVV,2
5055-MGMGF,2
4641-FROLU,0
2862-JVEOY,0
2969-QWUBZ,2
9822-BIIGN,2
2077-MPJQO,3
1534-OULXE,0
7136-RVDTZ,0
2971-SGAFL,2
1480-IVEVR,3
2905-KFQUV,2
4581-SSPWD,2
3370-HXOPH,2
9391-YZEJW,3
9958-MEKUC,1
0281-CNTZX,0
6927-WTFIV,0
4118-CEVPF,1
3398-ZOUAA,2
9114-VEPUF,3
7876-BEUTG,2
2338-BQEZT,2
9873-MNDKV,2
0378-NHQXU,2
8241-JUIQO,0
2194-IIQOF,3
4512-ZUIYL,0
9631-RXVJM,0
9584-EXCDZ,2
7969-AULMZ,0
5093-FEGLU,0
2621-UDNLU,0
7526-IVLYU,0
2428-HYUNX,0
9214-EKVXR,0
3410-MHHUM,3
0568-ONFPC,0
0733-VUNUW,0
4550-EVXNY,2
2122-YWVYA,1
2968-SSGAA,0
2296-DKZFP,3
4844-JJWUY,0
6777-TGHTM,0
8909-BOLNL,2
6603-YRDCJ,3
3538-WZPHD,0
3229-USWAR,2
2138-VFAPZ,0
6131-JLWZM,0
4785-QRJHC,0
0269-XFESX,0
1709-EJDOX,0
4316-XCSLJ,3
8610-WFCJF,0
9693-XMUOB,2
0383-CLDDA,3
4905-JEFDW,0
2709-UQGNP,2
3549-ZTMNH,0
7881-INRLC,2
8033-ATFAS,2
1635-NZATJ,2
0562-HKHML,0
8277-RVRSV,0
9943-VSZUV,2
0117-LFRMW,0
6172-FECYY,2
7054-ENNGU,2
1455-HFBXA,3
9402-CXWPL,2
1628-BIZYP,2
1965-AKTSX,0
0082-LDZUE,2
4786-UKSNZ,0
5343-SGUBI,3
0856-NAOES,0
1976-AZZPJ,2
7248-VZQLC,0
6156-UZDLF,2
3099-OONVS,0
9500-WBGRP,0
5183-KLYEM,1
5144-PQCDZ,0
8514-VZHEB,0
6625-IUTTT,1
9355-NPPFS,2
0068-FIGTF,3
5965-GGPRW,3
8035-PWSEV,1
2236-HILPA,0
1840-BIUOG,3
1356-MKYSK,3
6080-LNESI,0
1830-IPXVJ,0
5828-DWPIL,3
8398-TBIYD,3
0011-IGKFF,0
4192-GORJT,0
6496-SLWHQ,2
9912-GVSEQ,0
2931-FSOHN,2
9418-RUKPH,0
5383-MMTWC,2
9971-ZWPBF,1
4712-AUQZO,0
9711-FJTBX,3
2908-ZTPNF,0
7240-ETPTR,0
2202-CUYXZ,0
5995-OIGLP,0
8421-WZOOW,0
6261-RCVNS,0
7951-QKZPL,0
1414-YADCW,2
8756-RDDLT,2
2862-PFNIK,0
5816-QVHRX,3
4430-YHXGG,0
6888-SBYAI,3
7395-XWZOY,2
7169-YWAMK,3
3640-PHQXK,0
6877-LGWXO,0
6859-RKMZJ,3
2729-VNVAP,0
2957-JIRMN,3
2049-BAFNW,0
3842-QTGDL,2
7163-OCEQI,1
9782-LGXMC,3
5975-BAICR,2
8019-ENHXU,3
5167-GBFRE,0
9033-EOXWV,0
4673-KKSLS,2
4853-OITSN,3
9800-OUIGR,0
1324-NLTJE,0
2324-EFHVG,2
7094-MSZAO,0
1522-VVDMG,0
6907-CQGPN,0
0780-XNZFN,2
0239-OXEXL,0
2675-IJRGJ,0
7049-GKVZY,3
8577-QSOCG,0
3721-CNZHX,0
0212-ISBBF,3
9185-TQCVP,2
3585-YNADK,0
5271-DBYSJ,0
1099-GODLO,0
6828-HMKWP,0
5567-WSELE,0
1472-TNCWL,3
8063-RJYNF,0
0687-ZVTHB,2
2080-GKCWQ,2
9661-ACXBS,2
2193-SFWQW,3
5656-JAMLX,0
3462-BJQQA,3
0442-TDYUO,0
6733-LRIZX,2
9503-XJUME,0
4367-NHWMM,0
3727-RJMEO,2
3779-OSWCF,2
6736-DHUQI,1
3915-ODIYG,2
1360-RCYRT,0
2724-FJDYW,0
4451-RWASJ,0
6646-VRFOL,2
3460-TJBWI,0
5917-HBSDW,0
5685-IIXLY,0
5671-UUNXD,3
0956-ACVZC,1
2325-NBPZG,3
4250-ZBWLV,3
4482-FTFFX,0
8859-DZTGQ,0
0440-MOGPM,2
0020-JDNXP,2
3752-CQSJI,0
5025-GOOKI,2
4698-KVLLG,0
5095-AESKG,0
2887-JPYLU,2
4770-QAZXN,0
4896-CPRPF,0
1871-MOWRM,0
9714-EDSUC,1
2027-OAQQC,0
0282-NVSJS,0
9090-SGQXL,2
6595-YGXIT,2
7353-YOWFP,0
9835-ZIITK,2
8008-ESFLK,3
7537-CBQUZ,1
1555-DJEQW,0
5649-TJHOV,0
0519-XUZJU,0
3363-EWLGO,0
4750-UKWJK,0
6338-AVWCY,0
1689-YQBYY,3
4487-ZYJZK,0
2959-FENLU,0
0708-LGSMF,3
9253-QXKBE,0
7634-HLQJR,0
0487-RPVUM,3
4079-ULGFR,0
2516-XSJKX,0
0057-QBUQH,0
9445-SZLCH,0
6599-SFQVE,2
8331-ZXFOE,3
4003-FUSHP,3
0356-ERHVT,0
7325-ENZFI,2
4884-ZTHVF,0
3920-HIHMQ,3
3055-OYMSE,3
0613-WUXUM,0
7568-PODML,0
4458-KVRBJ,0
5349-IECLD,3
1397-XKKWR,0
3945-GFWQL,2
8097-OMULG,2
6013-BHCAW,3
0401-WDBXM,3
3387-PLKUI,0
6096-EGVTU,0
3797-VTIDR,0
5081-NWSUP,3
2580-ATZSQ,0
8085-MSNLK,1
9691-HKOVS,1
9881-VCZEP,2
9526-BIHHD,0
8757-TFHHJ,0
4523-WXCEF,2
1468-DEFNC,0
5119-KEPFY,1
8364-TRMMK,0
0916-KNFAJ,3
8319-QBEHW,2
3063-QFSZL,0
8775-LHDJH,2
9625-QNLUX,2
3097-NQYSN,0
4024-CSNBY,2
7110-BDTWG,2
7493-GVFIO,0
0690-SRQID,0
9605-WGJVW,3
9114-DPSIA,2
4700-UBQMV,2
7711-GQBZC,0
3565-UNOCC,3
4627-MIHJH,3
9795-NREXC,3
8573-CGOCC,0
7356-AYNJP,2
9249-FXSCK,0
5493-SDRDQ,0
6286-SUUWT,0
4819-HJPIW,0
8654-DHAOW,2
5438-QMDDL,3
9812-GHVRI,2
5553-AOINX,3
1228-ZLNBX,2
4226-KKDON,2
3831-YCPUO,3
7445-WMRBW,3
3308-DGHKL,0
9924-JPRMC,1
0080-EMYVY,2
6218-KNUBD,2
7337-CINUD,0
7609-NRNCA,0
0623-EJQEG,1
7153-CHRBV,3
0871-URUWO,2
9190-MFJLN,2
6198-PNNSZ,3
3317-VLGQT,3
4132-POCZS,2
5614-DNZCE,3
1095-JUDTC,0
3896-RCYYE,2
9638-JIQYA,2
3258-SANFR,2
3726-TBHQT,3
3190-ITQXP,0
0870-VEMYL,0
4833-QTJNO,2
3039-MJSLN,0
0178-CIIKR,0
5385-SUIRI,2
3982-XWFZQ,0
5774-QPLTF,0
2322-VCZHZ,3
5010-IPEAQ,2
4009-ALQFH,2
6383-ZTSIW,3
8990-YOZLV,0
3069-SSVSN,0
5222-IMUKT,1
3627-FCRDW,2
7562-GSUHK,2
6685-XSHHU,0
8901-UPRHR,3
4903-UYAVB,0
0118-JPNOY,0
6776-TLWOI,0
3845-FXCYS,0
5857-XRECV,0
0725-CXOTM,2
4343-EJVQB,0
9000-PLFUZ,2
3427-GGZZI,3
7779-ORAEL,3
0644-OQMDK,0
4077-CROMM,0
3154-CFSZG,3
2868-MZAGQ,2
4847-QNOKA,0
2220-IAHLS,0
1658-XUHBX,3
6379-RXJRQ,0
2378-HTWFW,0
8650-RHRKE,0
4377-VDHYI,2
0475-RIJEP,0
1260-TTRXI,2
3719-TDVQB,0
6328-ZPBGN,0
0201-MIBOL,2
4937-QPZPO,2
2925-VDZHY,2
6981-TDRFT,0
3413-CSSTH,2
8033-VCZGH,3
4789-KWMXN,2
0224-NIJLP,0
7542-CYDDM,0
4718-WXBGI,3
2867-UIMSS,0
8495-PRWFH,2
0439-IFYUN,0
5716-LIBJC,3
2868-LLSKM,1
8111-RKSPX,0
2988-QRAJY,2
1585-MQSSU,0
0071-NDAFP,0
2856-NNASM,2
7328-ZJAJO,0
6458-CYIDZ,3
8559-CIZFV,0
1090-PYKCI,3
3058-WQDRE,0
7547-EKNFS,0
2279-AXJJK,3
6769-DYBQN,2
0909-SELIE,2
3417-TSCIC,0
1042-HFUCW,2
4439-JMPMT,0
6537-OTKMY,2
8999-EXMNO,0
6725-TPKJO,0
2446-BEGGB,0
7162-WPHPM,3
1599-MMYRQ,2
8821-KVZKQ,0
1496-GGSUK,0
6434-TTGJP,0
0042-JVWOJ,0
0130-SXOUN,3
2575-GFSOE,0
2330-PQGDQ,1
1452-UZOSF,2
2097-YVPKN,2
2842-JTCCU,2
8597-CTXVJ,0
6631-HMANX,1
9962-BFPDU,0
3296-SILRA,0
9681-OXGVC,2
6394-HHHZM,0
5995-LFTLE,0
5180-UCIIQ,0
1932-UEDCX,2
7153-OANIO,0
5188-HGMLP,2
0665-XHDJU,1
6521-YYTYI,0
8878-HMWBV,0
8265-HKSOW,3
3544-FBCAS,0
5331-RGMTT,2
4759-PXTAN,0
7054-DMVAS,2
3428-MMGUB,0
6549-BTYPG,2
7823-JSOAG,1
3705-RHRFR,3
9374-YOLBJ,0
9074-KGVOX,0
6128-DAFVY,3
9933-QRGTX,3
4476-OSWTN,3
3751-KTZEL,0
1977-STDKI,2
5066-GFJMM,0
2661-GKBTK,3
0458-HEUZG,0
7268-WNTCP,2
0824-VWDPO,3
8409-WQJUX,0
2578-JQPHZ,3
3278-FSIXX,0
5813-UECBU,0
0328-GRPMV,0
9746-UGFAC,0
2946-KIQSP,2
0625-AFOHS,0
6726-WEXXK,2
4636-OLWOE,2
4342-HENTK,2
4685-ERGHK,1
0885-HMGPY,2
5003-OKNNK,0
4195-SMMNX,0
7208-PSIHR,3
4012-ZTHBR,0
0489-WMEMG,2
7435-ZNUYY,0
1354-YZFNB,0
6956-SMUCM,2
2985-FMWYF,2
2812-ENYMO,2
2717-HVIZY,0
3223-WZWJM,0
3422-GALYP,1
9053-JZFKV,2
2530-ENDWQ,2
2890-WFBHU,0
0327-WFZSY,1
7977-HXJKU,0
6615-ZGEDR,0
7033-CLAMM,0
4023-RTIQM,2
0864-FVJNJ,2
7356-IWLFW,3
9541-PWTWO,3
3967-VQOGC,0
7872-RDDLZ,2
9250-WYPLL,0
6308-CQRBU,3
2754-XBHTB,2
1597-LHYNC,2
0186-CAERR,2
3043-SUDUA,0
5442-BHQNG,3
2169-RRLFW,2
5872-OEQNH,0
3162-KKZXO,1
7055-VKGDA,2
0754-UKWQP,0
8873-GLDMH,3
5696-JVVQY,1
8946-BFWSG,0
7493-TPUWZ,0
0547-HURJB,2
8904-OPDCK,0
8845-LWKGE,0
1577-HKTFG,0
8752-STIVR,0
0691-NIKRI,2
5022-JNQEQ,1
4558-FANTW,0
3249-VHRIP,2
3736-BLEPA,3
4701-LKOZD,3
6603-QWSPR,0
9921-QFQUL,2
1929-ZCBHE,2
4378-MYPGO,2
8651-ENBZX,2
4129-LYCOI,3
7798-JVXYM,3
8647-SDTWQ,0
2696-ECXKC,2
2081-KJSQF,2
7623-TRNQN,0
3323-CPBWR,1
9330-IJWIO,0
3384-CTMSF,1
0902-RFHOF,0
9286-DOJGF,0
6048-QBXKL,2
9661-MHUMO,0
7718-RXDGG,3
1025-FALIX,3
3451-VAWLI,0
3407-QGWLG,0
1842-EZJMK,2
2347-WKKAE,2
8735-DCXNF,2
3214-IYUUQ,1
1936-UAFEH,2
3587-PMCOY,2
8079-XRJRS,0
1027-LKKQQ,1
7148-XZPHA,1
8073-IJDCM,0
5309-TAIKL,0
6856-RAURS,0
8778-LMWTJ,0
9717-IOAAF,0
8884-ADFVN,0
2845-KDHVX,1
0848-SOMKO,2
2720-WGKHP,0
6734-FQAJX,2
2869-ADAWR,0
1535-VTJOQ,0
6368-TZZDT,0
0943-ZQPXH,1
1293-BSEUN,0
9894-EZEWG,2
1302-TPUBN,0
7851-FLGGQ,2
0637-UBJRP,0
0940-OUQEC,2
2378-VTKDH,3
0927-CNGRH,0
8608-OZTLB,2
2335-GSODA,2
1952-DVVSW,0
0702-PGIBZ,3
6656-GULJQ,2
9853-JFZDU,3
1963-VAUKV,0
3777-XROBG,0
6994-FGRHH,2
4000-VGMQP,2
3999-WRNGR,2
3466-RITXD,1
2680-XKKNJ,2
3058-HJCUY,2
2974-GGUXS,2
7994-XIRTR,2
3259-FDWOY,3
2101-RANCD,0
7921-BEPCI,2
0807-ZABDG,2
8510-TMWYB,1
3258-ZKPAI,1
1428-IEDPR,3
5298-GSTLM,3
4450-YOOHP,3
6728-CZFEI,0
5748-RNCJT,2
3653-NCRDJ,0
6121-TNHBO,3
5119-NZPTV,2
6519-ZHPXP,3
7739-LAXOG,2
3472-QPRCH,0
8224-UAXBZ,0
9610-WCESF,0
9776-CLUJA,0
2486-WYVVE,3
3865-ZYKAD,3
1422-DGUBX,1
2999-AANRQ,2
8668-KNZTI,3
0480-KYJVA,0
6034-ZRYCV,0
9746-YKGXB,2
3926-YZVVX,3
6000-UKLWI,0
2079-FBMZK,2
6332-FBZRI,1
2096-XOTMO,0
3266-FTKHB,0
8221-EQDGL,2
2346-LOCWC,0
6608-QQLVK,0
0298-XACET,2
7560-QJAVJ,2
2995-YWTCD,0
3551-HUAZH,2
9137-UIYPG,2
2809-ZMYOQ,3
5084-OOVCJ,2
0254-WWRKD,2
7727-SHVZV,0
6302-JGYRJ,2
5339-PXDVH,3
2205-LPVGL,3
8782-NUUOL,3
3685-YLCMQ,3
7601-WFVZV,0
4609-KNNWG,0
4868-AADLV,3
9529-OFXHY,2
8634-MPHTR,0
2669-QVCRG,2
2478-EEWWM,2
9174-IHETN,2
2233-TXSIU,2
9644-UMGQA,2
3256-EZDBI,0
8761-NSOBC,0
0419-YAAPX,0
8413-VONUO,0
0872-CASZJ,3
4726-DLWQN,0
8164-OCKUJ,0
3094-JOJAI,3
9494-MRNYX,3
2599-CZABP,0
7945-PRBVF,0
4544-RXFMG,0
0859-YGKFW,0
1150-FTQGN,1
9223-UCPVT,0
7196-LIWRH,0
5448-VWNAM,3
1177-XZBJL,2
3518-FSTWG,1
9330-VOFSZ,2
4351-QLCSU,0
0939-EREMR,3
9389-ACWBI,3
5419-JPRRN,0
3644-QXEHN,2
2911-IJORQ,1
5921-NGYRH,3
2100-BDNSN,0
5998-DZLYR,2
0488-GSLFR,0
9318-NKNFC,0
3985-HOYPM,0
9728-FTTVZ,2
9548-LERKT,2
6576-FBXOJ,2
4310-KEDTB,0
7254-IQWOZ,2
2474-BRUCM,0
4062-HBMOS,3
0742-NXBGR,0
2676-ISHSF,0
9236-NDUCW,2
4753-PADAS,3
6103-QCKFX,2
7781-EWARA,3
6110-OHIHY,0
7018-FPXHH,3
5889-LFOLL,3
5708-EVONK,0
8708-XPXHZ,2
0616-ATFGB,0
0572-ZJKLT,1
5135-RDDQL,2
1353-LJWEM,2
1794-SWWKL,0
6166-YIPFO,2
7016-BPGEU,0
6876-ADESB,0
9332-GYWLO,0
1963-SVUCV,0
4184-VODJZ,0
0220-EBGCE,0
1092-WPIVQ,2
7233-IOQNP,2
2834-JKOOW,2
2754-VDLTR,0
2400-FEQME,0
3190-XFANI,0
7551-DACSP,0
4957-SREEC,0
7235-NXZCP,0
0230-UBYPQ,0
4923-ADWXJ,2
1763-KUAAW,0
1104-TNLZA,3
5195-KPUNQ,0
0520-FDVVT,0
3439-GVUSX,0
1444-VVSGW,2
5712-PTIWW,2
5949-HGVJL,2
5203-XEHAX,0
1635-HDGFT,0
3315-TOTBP,0
8050-XGRVL,0
6661-HBGWL,0
1518-VOWAV,0
9828-QHFBK,2
3908-MKIMJ,0
5012-YSPJJ,2
5909-ECHUI,0
1309-BXVOQ,2
6728-VOIFY,3
9317-WZPGV,0
4891-NLUBA,2
2856-HYAPG,2
8969-PRHFK,0
0661-KQHNK,0
8709-KRDVL,3
4488-PSYCG,0
1427-VERSM,3
9801-NOSHQ,0
6339-YPSAH,3
3621-CEOVK,0
6906-ANDWJ,3
2159-TURXX,0
1548-FEHVL,1
3795-CAWEX,1
6215-NQCPY,1
5647-URDKA,0
2229-DPMBI,0
9626-WEQRM,0
2188-SXWVT,2
6258-PVZWJ,3
1094-BKOSX,0
6969-MVBAI,1
2978-XXSOG,2
2342-CKIAO,0
6953-PBDIN,3
3898-BSJYF,2
3938-YFPXD,3
7696-AMHOD,3
2453-SAFNS,0
9558-IHEZX,1
9617-UDPEU,0
6340-DACFT,0
4955-VCWBI,0
6813-GZQCG,0
7426-GSWPO,3
3389-KTRXV,0
3118-UHVVQ,0
1031-IIDEO,0
5832-XKAES,2
3205-MXZRA,2
4701-AHWMW,2
8317-BVKSO,0
5702-KVQRD,3
0083-PIVIK,3
9210-IAHGH,0
6169-PGNCD,3
0023-XUOPT,2
4592-IWTJI,0
4909-JOUPP,1
4657-FWVFY,2
2257-BOVXD,3
7729-JTEEC,0
7632-MNYOY,0
6518-LGAOV,1
7242-QZLXF,0
4576-CSAJH,2
1000-AJSLD,0
9696-RMYBA,2
8690-UPCZI,0
1062-LHZOD,0
9770-LXDBK,0
4086-WITJG,0
8344-WFMFH,3
9600-NAXZN,2
8822-KNBHV,3
8404-FYDIB,1
2791-SFVEW,0
6457-USBER,0
6762-NSODU,0
4662-EKDPQ,2
9248-OJYKK,0
9888-ZCUMM,2
3398-FSHON,0
3319-DWOEP,0
1074-WVEVG,0
9979-RGMZT,3
6437-UDQJM,0
1226-IENZN,2
2108-GLPQB,2
9259-PACGQ,0
4415-IJZTP,0
1465-VINDH,0
5474-LAMUQ,0
3468-DRVQJ,3
1122-YJBCS,2
4990-ALDGW,0
4816-OKWNX,1
3315-IKYZQ,2
2810-FTLEM,0
4747-LCAQL,0
3411-WLRSQ,2
0898-XCGTF,1
8006-PYCSW,0
8249-THVEC,0
8722-PRFDV,1
2164-SOQXL,0
4020-KIUDI,0
5850-BDWCY,0
2038-YSEZE,1
0827-ITJPH,0
8799-OXZMD,0
1925-TIBLE,2
1705-GUHPV,0
4779-ZGICK,0
0048-PIHNL,0
0818-OCPZO,0
3967-KXAPS,2
1447-GIQMR,2
3704-IEAXF,2
6810-VCAEX,2
0674-EYYZV,3
4480-MBMLB,3
1395-OFUWC,0
0822-QGCXA,3
0872-NXJYS,2
2832-KJCRD,1
3588-WSTTJ,1
4075-WKNIU,2
5090-EMGTC,2
2346-CZYIL,0
3798-EPWRR,0
6258-NGCNG,0
4186-ZBUEW,2
5274-XHAKY,3
1442-BQPVU,0
3978-YNKDD,0
4940-KHCWD,2
9412-ARGBX,1
1389-CXMLU,0
9589-ABEPT,2
9388-ZEYVT,2
0305-SQECB,0
7605-SNLQG,2
4670-TABXH,3
5561-NWEVX,0
0064-SUDOG,2
8561-NMTBD,0
5161-XEUVX,1
8292-FRFZQ,3
8591-NXRCV,2
7895-VONWT,2
4526-RMTLL,3
6253-GNHWH,2
4566-NECEV,1
8080-POTJR,3
6906-MPARY,3
3662-FXJFO,0
8107-RZLNV,1
0516-OOHAR,2
2027-CWDNU,0
2737-WFVYW,0
9912-OMZDS,2
3733-ZEECP,2
7878-RTCZG,0
2452-MRMZF,0
2272-QAGFO,2
7103-IPXPJ,2
4342-HFXWS,2
3545-CNWRG,1
1785-BPHTP,1
4989-LIXVT,2
7315-WYOAW,3
1173-XZPYF,3
9850-OWRHQ,0
3768-NLUBH,2
8676-TRMJS,3
2509-TFPJU,0
9530-GRMJG,3
6898-RBTLU,2
5481-NTDOH,3
2068-WWXQZ,2
7359-SSBJK,0
2061-VVFST,0
0685-MLYYM,2
0749-IRGQE,0
2380-DAMQP,0
2256-YLYLP,3
1272-ILHFG,0
0164-XAIRP,0
5666-CYCYZ,0
4011-ARPHK,0
8182-PNAGI,2
6365-HITVU,2
7558-IMLMT,0
9488-FYQAU,3
3590-TCXTB,0
6994-KERXL,3
7957-RYHQD,0
2180-DXNEG,0
1960-UOTYM,2
2740-JFBOK,0
6500-JVEGC,1
5515-AKOAJ,0
8976-OQHGT,0
5245-VDBUR,0
6230-BSUXY,2
8469-SNFFH,3
2144-ESWKO,0
1241-FPMOF,0
9928-BZVLZ,2
4114-QMKVN,2
2775-SEFEE,0
9003-CPATH,3
1754-GKYPY,3
5294-CDGWY,0
7956-XQWGU,0
1591-MQJTP,0
5295-PCJOO,0
2369-FEVNO,0
9863-JZAIC,0
7471-MQPOS,3
7660-HDPJV,0
5115-SQAAU,2
9845-QOMAD,0
7672-VFMXZ,3
9739-JLPQJ,3
9916-AYHTC,0
3855-ONCAR,2
1488-SYSFC,0
7931-PXHFC,0
3990-QYKBE,2
0970-QXPXW,0
3259-KNMRR,0
6120-RJKLU,1
9572-WUKSB,0
5893-KCLGT,0
0076-LVEPS,0
3640-JQGJG,2
4919-MOAVT,2
1596-OQSPS,2
9867-XOBQA,2
9546-KDTRB,0
3090-HAWSU,0
9820-RMCQV,0
3174-RKMOW,1
1760-CAZHT,0
7839-QRKXN,0
8441-SHIPE,2
5204-QZXPU,0
4597-ELFTS,0
1320-GVNHT,1
1047-RNXZV,0
3541-ZNUHK,1
8450-JOVAH,0
8725-JEDFD,2
7562-UXTPG,3
8071-SBTRN,1
1113-IUJYX,0
6668-CNMFP,2
5626-MGTUK,3
5681-LLOEI,3
8212-DJRCH,1
4323-OHFOW,1
4933-BSAIP,0
2030-BTZRO,0
1116-DXXDF,3
9274-CNFMO,0
7758-XKCBS,0
8992-JQYUN,0
6563-VNPMN,2
0617-AQNWT,0
2267-WTPYD,0
0270-THENM,2
2446-PLQVO,2
4707-MAXGU,2
2710-WYVXG,2
3005-NFMTA,0
6300-BWMJX,1
8784-CGILN,0
5389-FFVKB,0
7009-LGECI,3
8444-WRIDW,0
5022-KVDQT,2
7976-CICYS,0
1036-GUDCL,3
2005-DWQZJ,0
8148-WOCMK,0
7815-PDTHL,0
9451-LPGOO,0
9173-IVZVP,0
9129-UXERG,1
3635-JBPSG,3
7964-ZRKKG,3
5868-YWPDW,2
6229-LSCKB,3
2025-JKFWI,2
4078-SAYYN,0
1724-IQWNM,0
8217-QYOHV,2
5546-QUERU,0
9940-HPQPG,0
6897-UUBNU,2
6127-IYJOZ,0
6618-RYATB,0
8930-XOTDP,2
5916-QEWPT,1
5060-TQUQN,3
0531-XBKMM,2
8465-SBRXP,3
2408-PSJVE,0
9079-YEXQJ,3
9700-ZCLOT,0
8738-JOKAR,3
4534-WGCIR,0
1930-WNXSB,3
2685-SREOM,2
3508-CFVZL,2
0402-CQAJN,0
6692-UDPJC,0
1273-MTETI,0
0657-DOGUM,0
5480-HPRRX,0
8792-AOROI,0
0295-PPHDO,0
5146-YYFRZ,0
1195-OIYEJ,0
5906-CVLHP,2
3452-SRFEG,2
4070-OKWVH,3
5297-MDOIR,2
6369-MCAKO,2
4926-UMJZD,2
6848-HJTXY,0
6341-AEVKX,3
4501-EQDRN,0
2990-HWIML,2
0682-USIXD,2
6976-BWGLQ,0
7078-NVFAM,2
8065-QBYTO,3
2133-TSRRM,2
7384-GHBPI,0
7603-USHJS,0
7234-FECYN,2
2511-ALLCS,0
3191-CSNMG,2
7952-OBOYL,3
7470-DYNOE,0
7853-OETYL,0
1545-ACTAS,3
5876-HZVZM,0
1400-MMYXY,0
5126-RCXYW,2
3085-QUOZK,0
2363-BJLSL,3
1956-YIFGE,3
3926-CUQZX,2
7921-LMDFQ,0
2925-MXLSX,3
5820-PTRYM,3
9609-BENEA,2
6211-WHMYA,2
4459-BBGHE,2
9945-PSVIP,0
1041-RXHRA,0
1750-CSKKM,0
9108-EJFJP,2
0530-IJVDB,1
0508-SQWPL,0
2215-ZAFGX,2
8213-TAZPM,2
7142-HVGBG,2
1304-SEGFY,3
7242-EDTYC,0
2904-GGUAZ,1
8267-ZNYVZ,3
5136-GFPMB,3
2595-KIWPV,0
5243-SAOTC,3
9398-MMQTO,3
7619-PLRLP,3
6457-GIRWB,2
6508-NJYRO,0
1450-SKCVI,2
4710-NKCAW,2
5306-BVTKJ,0
0357-NVCRI,0
5570-PTWEH,0
2371-KFUOG,3
0463-ZSDNT,0
6502-MJQAE,0
6257-DTAYD,3
4616-ULAOA,3
7693-LCKZL,0
7746-AWNQW,0
5996-EBTKM,3
2758-RNWXS,3
2314-TNDJQ,2
2405-LBMUW,2
3454-JFUBC,2
0032-PGELS,0
9039-ZVJDC,0
6797-LNAQX,2
9013-AQORL,2
2898-MRKPI,1
2750-BJLSB,3
3648-GZPHF,2
2075-RMJIK,0
9588-YRFHY,0
6394-MFYNG,2
1564-NTYXF,0
9364-YKUVW,0
5392-AKEMH,2
2451-YMUXS,2
3914-FDRHP,3
3078-ZKNTS,0
1024-KPRBB,0
4690-PKDQG,3
8155-IBNHG,0
0886-QGENL,2
9547-ITEFG,1
1264-FUHCX,3
7789-CRUVC,2
6598-KELSS,2
8739-WWKDU,0
8685-WHQPW,0
4745-LSPLO,0
8083-YTZES,2
7240-FQLHE,2
6664-FPDAC,2
9972-VAFJJ,1
0422-UXFAP,3
1904-WAJAA,1
5130-YPIRV,0
2843-CQMEG,0
6439-PKTRR,0
5351-QESIO,0
0786-VSSUD,0
5568-DMXZS,2
8468-FZTOE,2
6633-SYEUS,3
6447-GORXK,2
6967-PEJLL,2
3976-BWUCK,0
5981-ZVXOT,2
1684-FLBGS,2
1389-WNUIB,2
0376-OIWME,2
3585-ISXZP,0
0218-QNVAS,2
6583-QGCSI,0
0804-YGEQV,0
7164-BPTUT,2
4174-LPGTI,0
2523-EWWZL,2
0928-XUTSN,2
2108-XWMPY,0
0052-YNYOT,0
6304-IJFSQ,0
9586-JGQKH,2
4501-VCPFK,2
6075-SLNIL,1
9347-AERRL,0
0093-XWZFY,0
2274-XUATA,2
1980-KXVPM,2
7703-ZEKEF,0
0723-DRCLG,0
5482-NUPNA,0
6691-CCIHA,3
1685-BQULA,1
9053-EJUNL,3
0666-UXTJO,1
1471-GIQKQ,2
4807-IZYOZ,0
1122-JWTJW,0
9710-NJERN,0
9837-FWLCH,0
1699-HPSBG,0
7203-OYKCT,3
1035-IPQPU,1
7398-LXGYX,3
2823-LKABH,3
8775-CEBBJ,0
0550-DCXLH,3
9281-CEDRU,3
2235-DWLJU,2
0871-OPBXW,0
3605-JISKB,2
6894-LFHLY,0
9767-FFLEM,2
0639-TSIQW,2
8456-QDAVC,3
7750-EYXWZ,2
2569-WGERO,0
6840-RESVB,3
2234-XADUH,3
4801-JZAZL,0
8361-LTMKD,0
3186-AJIEK,3
